time/fps,time/total_timesteps,time/time_elapsed,time/iterations,train/std,train/explained_variance,train/value_loss,train/learning_rate,train/approx_kl,train/policy_gradient_loss,train/n_updates,train/clip_range,train/clip_fraction,train/entropy_loss,train/loss,rollout/ep_len_mean,episodes/fell,rollout/ep_rew_mean,rollout/success_rate,episodes/l,episodes/stand_fraction,episodes/is_success,episodes/r,episodes/recovered
1276,50260,0,1,,,,,,,,,,,,,,,,,,,,
1232,50516,0,2,0.08208399266004562,-1.9452393054962158,0.16554361830155054,1e-05,0.0037990753,-0.011708251976718506,163,0.2,0.005208333333333333,15.134931723276773,0.040025852620601654,,,,,,,,,
1240,50772,0,3,0.08208326250314713,-2.0324056148529053,0.06261492768923442,1e-05,0.011742441,-0.009532050540049871,166,0.2,0.08072916666666667,15.13509209950765,0.0387042798101902,,,,,,,,,
1232,51028,0,4,0.08208293467760086,-1.1533141136169434,0.05815840574602286,1e-05,0.009873948,-0.009257360671957334,169,0.2,0.05859375,15.135184129079184,0.0021511074155569077,800.0,0.0,2247.557838,1.0,800.0,0.9475,1.0,2247.557838,0.0
1233,51284,1,5,0.08208252489566803,0.11807453632354736,0.11909427617986997,1e-05,0.010561779,-0.015016086089114348,172,0.2,0.053385416666666664,15.135239919026693,0.02365344762802124,800.0,0.0,2247.557838,1.0,800.0,0.9475,1.0,2247.557838,0.0
1231,51540,1,6,0.08208216726779938,-1.4741675853729248,0.05634492449462414,1e-05,0.005629415,-0.006303072286148866,175,0.2,0.022135416666666668,15.135310649871826,0.023480994626879692,800.0,0.0,2247.557838,1.0,800.0,0.9475,1.0,2247.557838,0.0
1228,51796,1,7,0.08208262175321579,-3.274496078491211,0.06008052018781503,1e-05,0.0052671595,-0.006905829844375451,178,0.2,0.015625,15.135327816009521,0.01591109111905098,800.0,0.0,2205.5859525,1.0,800.0,0.9237500000000001,1.0,2205.5859525,0.0
1231,52052,1,8,0.08208286762237549,-5.343225479125977,0.07681677800913651,1e-05,0.008567546,-0.007869542265931765,181,0.2,0.040364583333333336,15.135233243306478,0.009566616266965866,800.0,0.0,2205.5859525,1.0,800.0,0.9237500000000001,1.0,2205.5859525,0.0
1235,52308,1,9,0.08208268135786057,-11.068578720092773,0.05273790347079436,1e-05,0.0074266987,-0.004587755848964055,184,0.2,0.03515625,15.135239124298096,0.02333071455359459,800.0,0.0,2205.5859525,1.0,800.0,0.9237500000000001,1.0,2205.5859525,0.0
1236,52564,2,10,0.08208256959915161,-21.287612915039062,0.04989546723663807,1e-05,0.00712314,-0.007468968591031929,187,0.2,0.028645833333333332,15.135268052419027,0.0008895136415958405,800.0,0.0,2232.562149,1.0,800.0,0.94125,1.0,2232.562149,0.0
1236,52820,2,11,0.08208233118057251,-6.652197360992432,0.07304948754608631,1e-05,0.012831759,-0.008245446408788363,190,0.2,0.08333333333333333,15.135289510091146,-0.005956459790468216,800.0,0.0,2232.562149,1.0,800.0,0.94125,1.0,2232.562149,0.0
1236,53076,2,12,0.08208193629980087,-0.6854467391967773,0.04650136766334375,1e-05,0.0076148813,-0.003956424072384834,193,0.2,0.032552083333333336,15.135339419047037,0.024206871166825294,800.0,0.0,2232.562149,1.0,800.0,0.94125,1.0,2232.562149,0.0
1232,53332,2,13,0.08208125829696655,-2.0458712577819824,0.03919817507266998,1e-05,0.0043653855,-0.0042312002430359525,196,0.2,0.009114583333333334,15.135427474975586,0.0020997226238250732,800.0,0.0,2246.33240525,0.75,800.0,0.9515625,0.75,2246.33240525,0.0
1234,53588,2,14,0.08208087831735611,0.48478448390960693,0.12143077328801155,1e-05,0.013135275,-0.021426002805431683,199,0.2,0.059895833333333336,15.1355349222819,0.02677149698138237,800.0,0.0,2246.33240525,0.75,800.0,0.9515625,0.75,2246.33240525,0.0
1237,53844,3,15,0.08208068460226059,-6.196606159210205,0.03710592848559221,1e-05,0.011057113,-0.007093979821850856,202,0.2,0.0625,15.135581493377686,0.005100696347653866,800.0,0.0,2246.33240525,0.75,800.0,0.9515625,0.75,2246.33240525,0.0
1237,54100,3,16,0.08208092302083969,-4.873118877410889,0.03522333006064097,1e-05,0.010095703,-0.00877613682920734,205,0.2,0.059895833333333336,15.135584195454916,-0.014864066615700722,800.0,0.2,2239.6171686000002,0.8,800.0,0.95075,0.8,2239.6171686000002,0.2
1236,54356,3,17,0.08208098262548447,-18.997936248779297,0.06597194696466128,1e-05,0.010620402,-0.007577258472641309,208,0.2,0.06510416666666667,15.135542710622152,0.008747965097427368,800.0,0.2,2239.6171686000002,0.8,800.0,0.95075,0.8,2239.6171686000002,0.2
1237,54612,3,18,0.08208104223012924,-2.635512113571167,0.03375077868501345,1e-05,0.0050177397,-0.0071987419699629145,211,0.2,0.013020833333333334,15.135545412699381,-0.007592892274260521,800.0,0.2,2239.6171686000002,0.8,800.0,0.95075,0.8,2239.6171686000002,0.2
1235,54868,3,19,0.0820811316370964,-3.3064804077148438,0.02979707159101963,1e-05,0.010081042,-0.01205849756176273,214,0.2,0.0546875,15.13552745183309,-0.006419431418180466,800.0,0.16666666666666666,2246.158582666667,0.6666666666666666,800.0,0.9545833333333333,0.6666666666666666,2246.158582666667,0.16666666666666666
1235,55124,4,20,0.08208104223012924,-0.15365087985992432,0.38932066162427265,1e-05,0.0074809156,-0.01785569389661153,217,0.2,0.029947916666666668,15.135523001352945,0.10389524698257446,800.0,0.16666666666666666,2246.158582666667,0.6666666666666666,800.0,0.9545833333333333,0.6666666666666666,2246.158582666667,0.16666666666666666
1236,55380,4,21,0.08208099752664566,-5.781209468841553,0.025021070924897987,1e-05,0.0044900603,-0.006711054593324661,220,0.2,0.010416666666666666,15.135541598002115,-0.0077324723824858665,800.0,0.16666666666666666,2246.158582666667,0.6666666666666666,800.0,0.9545833333333333,0.6666666666666666,2246.158582666667,0.16666666666666666
1234,55636,4,22,0.08208087831735611,-1.4220235347747803,0.025210935312012833,1e-05,0.013914071,-0.010588643761972586,223,0.2,0.08854166666666667,15.135550816853842,-0.0029753055423498154,800.0,0.14285714285714285,2232.3362022857145,0.7142857142857143,800.0,0.9500000000000001,0.7142857142857143,2232.3362022857145,0.14285714285714285
1236,55892,4,23,0.0820806473493576,0.8547726273536682,0.08682205528020859,1e-05,0.014272521,-0.0247955786374708,226,0.2,0.055989583333333336,15.135585308074951,-0.010326594114303589,800.0,0.14285714285714285,2232.3362022857145,0.7142857142857143,800.0,0.9500000000000001,0.7142857142857143,2232.3362022857145,0.14285714285714285
1235,56148,4,24,0.08208052814006805,0.7260621786117554,0.16719666123390198,1e-05,0.0075543337,-0.022899030707776546,229,0.2,0.037760416666666664,15.135613441467285,0.03018663078546524,800.0,0.14285714285714285,2232.3362022857145,0.7142857142857143,800.0,0.9500000000000001,0.7142857142857143,2232.3362022857145,0.14285714285714285
1235,56404,5,25,0.08208058774471283,-10.396413803100586,0.025231586769223213,1e-05,0.00512447,-0.007489560637623072,232,0.2,0.01953125,15.135622342427572,-0.000728740356862545,800.0,0.25,2206.446096375,0.625,800.0,0.9396875,0.625,2206.446096375,0.25
1236,56660,5,26,0.08208151161670685,-10.5863618850708,0.0234111783405145,1e-05,0.007594017,-0.006735449346403281,235,0.2,0.040364583333333336,15.135560989379883,0.010778408497571945,800.0,0.25,2206.446096375,0.625,800.0,0.9396875,0.625,2206.446096375,0.25
1236,56916,5,27,0.08208250254392624,-21.91103744506836,0.06343021740516026,1e-05,0.007561899,-0.009576087507108847,238,0.2,0.041666666666666664,15.135378042856852,0.0178108811378479,800.0,0.25,2206.446096375,0.625,800.0,0.9396875,0.625,2206.446096375,0.25
1236,57172,5,28,0.08208280056715012,-9.611258506774902,0.02038007943580548,1e-05,0.007083961,-0.007890282043566307,241,0.2,0.033854166666666664,15.135258197784424,-0.009948061779141426,800.0,0.25,2206.446096375,0.625,800.0,0.9396875,0.625,2206.446096375,0.25
1236,57428,6,29,0.08208280056715012,-6.144710540771484,0.01888878457248211,1e-05,0.012552395,-0.007531525722394387,244,0.2,0.08072916666666667,15.135233084360758,-0.014708803966641426,800.0,0.2222222222222222,2214.6750586666662,0.5555555555555556,800.0,0.9445833333333334,0.5555555555555556,2214.6750586666662,0.2222222222222222
1236,57684,6,30,0.08208251744508743,-16.350465774536133,0.06299587773780028,1e-05,0.0040124757,-0.005948611690352361,247,0.2,0.0078125,15.135250409444174,0.025193223729729652,800.0,0.2222222222222222,2214.6750586666662,0.5555555555555556,800.0,0.9445833333333334,0.5555555555555556,2214.6750586666662,0.2222222222222222
1236,57940,6,31,0.0820821076631546,-3.6583266258239746,0.01729751316209634,1e-05,0.009501226,-0.007586452489097913,250,0.2,0.0546875,15.13531239827474,-0.005092725157737732,800.0,0.2222222222222222,2214.6750586666662,0.5555555555555556,800.0,0.9445833333333334,0.5555555555555556,2214.6750586666662,0.2222222222222222
1234,58196,6,32,0.08208179473876953,-4.437468528747559,0.01869459015627702,1e-05,0.00869328,-0.010047556211551031,253,0.2,0.05078125,15.135377248128256,-0.014397956430912018,800.0,0.2,2220.5925837999994,0.5,800.0,0.9475000000000001,0.5,2220.5925837999994,0.2
1235,58452,6,33,0.0820813924074173,-0.7752224206924438,0.1618655708928903,1e-05,0.008151285,-0.014448180173834166,256,0.2,0.032552083333333336,15.135430812835693,0.06706424802541733,800.0,0.2,2220.5925837999994,0.5,800.0,0.9475000000000001,0.5,2220.5925837999994,0.2
1235,58708,7,34,0.08208107203245163,-7.617232322692871,0.01747436262667179,1e-05,0.010840069,-0.013356738879034916,259,0.2,0.059895833333333336,15.135501702626547,-0.02364395186305046,800.0,0.2,2220.5925837999994,0.5,800.0,0.9475000000000001,0.5,2220.5925837999994,0.2
1234,58964,7,35,0.08208087831735611,-8.74624252319336,0.01796740960950653,1e-05,0.009158843,-0.0011526454860965412,262,0.2,0.052083333333333336,15.135545412699381,0.01297144964337349,800.0,0.2727272727272727,2218.623229454545,0.45454545454545453,800.0,0.9427272727272729,0.45454545454545453,2218.623229454545,0.2727272727272727
1234,59220,7,36,0.08208075910806656,-0.13217878341674805,0.12158836796879768,1e-05,0.0049031856,-0.015944792112956446,265,0.2,0.020833333333333332,15.135573228200277,0.004655145108699799,800.0,0.2727272727272727,2218.623229454545,0.45454545454545453,800.0,0.9427272727272729,0.45454545454545453,2218.623229454545,0.2727272727272727
1235,59476,7,37,0.08208047598600388,-1.9326910972595215,0.054237996538480125,1e-05,0.006186395,-0.012472872622311115,268,0.2,0.020833333333333332,15.135600090026855,0.003122512251138687,800.0,0.2727272727272727,2218.623229454545,0.45454545454545453,800.0,0.9427272727272729,0.45454545454545453,2218.623229454545,0.2727272727272727
1234,59732,7,38,0.08208022266626358,-12.528671264648438,0.013579767818252245,1e-05,0.016067274,-0.015272834959129492,271,0.2,0.09244791666666667,15.135659217834473,-0.025807233527302742,800.0,0.3333333333333333,2214.9802996666663,0.5,800.0,0.9395833333333333,0.5,2214.9802996666663,0.3333333333333333
1234,59988,8,39,0.08208014070987701,0.6400992274284363,0.26465589304765064,1e-05,0.013535937,-0.01809654477983713,274,0.2,0.07682291666666667,15.135681947072348,0.10431249439716339,800.0,0.3333333333333333,2214.9802996666663,0.5,800.0,0.9395833333333333,0.5,2214.9802996666663,0.3333333333333333
1235,60244,8,40,0.08208014070987701,-4.806669235229492,0.019424593076109886,1e-05,0.01077614,-0.015120919483403364,277,0.2,0.07291666666666667,15.13568909962972,-0.02934259921312332,800.0,0.3333333333333333,2214.9802996666663,0.5,800.0,0.9395833333333333,0.5,2214.9802996666663,0.3333333333333333
1235,60500,8,41,0.08208012580871582,-7.451785087585449,0.01278378472973903,1e-05,0.015606627,-0.010667452899118265,280,0.2,0.109375,15.135688622792562,-0.018993273377418518,800.0,0.38461538461538464,2206.1038046153844,0.46153846153846156,800.0,0.9357692307692308,0.46153846153846156,2206.1038046153844,0.38461538461538464
1235,60756,8,42,0.08207999169826508,-19.380849838256836,0.07140983641147614,1e-05,0.009576693,-0.00920561933889985,283,0.2,0.044270833333333336,15.13570261001587,0.015996286645531654,800.0,0.38461538461538464,2206.1038046153844,0.46153846153846156,800.0,0.9357692307692308,0.46153846153846156,2206.1038046153844,0.38461538461538464
1234,61012,8,43,0.0820799320936203,-5.443742275238037,0.01525393749276797,1e-05,0.008875213,-0.004270689561963081,286,0.2,0.05859375,15.135720570882162,-0.008938340470194817,800.0,0.38461538461538464,2206.1038046153844,0.46153846153846156,800.0,0.9357692307692308,0.46153846153846156,2206.1038046153844,0.38461538461538464
1233,61268,9,44,0.08207998424768448,-9.161585807800293,0.01461583391452829,1e-05,0.007841468,-0.009160470217466354,289,0.2,0.041666666666666664,15.135723114013672,-0.022435186430811882,800.0,0.35714285714285715,2210.0525827142856,0.5,800.0,0.9391964285714287,0.5,2210.0525827142856,0.35714285714285715
1233,61524,9,45,0.08207989484071732,0.3082579970359802,0.13315859685341516,1e-05,0.008679168,-0.01207890904818972,292,0.2,0.044270833333333336,15.135721524556478,0.027927011251449585,800.0,0.35714285714285715,2210.0525827142856,0.5,800.0,0.9391964285714287,0.5,2210.0525827142856,0.35714285714285715
1233,61780,9,46,0.08207985013723373,-9.386031150817871,0.03427976152549187,1e-05,0.00729529,-0.012727752638359865,295,0.2,0.037760416666666664,15.135738849639893,-0.015980349853634834,800.0,0.35714285714285715,2210.0525827142856,0.5,800.0,0.9391964285714287,0.5,2210.0525827142856,0.35714285714285715
1233,62036,9,47,0.0820796862244606,-5.879580974578857,0.013802207075059414,1e-05,0.008334323,-0.012044662609696388,298,0.2,0.041666666666666664,15.135745684305826,-0.007939467206597328,800.0,0.3333333333333333,2204.8676246,0.4666666666666667,800.0,0.9365833333333334,0.4666666666666667,2204.8676246,0.3333333333333333
1234,62292,9,48,0.08207940310239792,-10.376105308532715,0.07303037494421005,1e-05,0.013026702,-0.013481948679933945,301,0.2,0.08203125,15.135789712270102,0.014501139521598816,800.0,0.3333333333333333,2204.8676246,0.4666666666666667,800.0,0.9365833333333334,0.4666666666666667,2204.8676246,0.3333333333333333
1235,62548,10,49,0.08207891881465912,-2.0901145935058594,0.03691281812886397,1e-05,0.01752258,-0.011639521146814028,304,0.2,0.10677083333333333,15.135854562123617,-0.00039330869913101196,800.0,0.3333333333333333,2204.8676246,0.4666666666666667,800.0,0.9365833333333334,0.4666666666666667,2204.8676246,0.3333333333333333
1234,62804,10,50,0.08207868039608002,-1.9921376705169678,0.017698456222812336,1e-05,0.009690561,-0.005316567762444417,307,0.2,0.05859375,15.135924021402994,-0.0033632125705480576,800.0,0.3125,2206.636746125,0.4375,800.0,0.9375,0.4375,2206.636746125,0.3125
1234,63060,10,51,0.08207857608795166,-4.309793472290039,0.016825686519344647,1e-05,0.008248074,-0.007948423580576977,310,0.2,0.037760416666666664,15.13594388961792,4.385039210319519e-05,800.0,0.3125,2206.636746125,0.4375,800.0,0.9375,0.4375,2206.636746125,0.3125
1234,63316,10,52,0.08207837492227554,-2.746882915496826,0.1885227138797442,1e-05,0.010681162,-0.01426490768790245,313,0.2,0.049479166666666664,15.135969320933023,0.0747336596250534,800.0,0.3125,2206.636746125,0.4375,800.0,0.9375,0.4375,2206.636746125,0.3125
1234,63572,10,53,0.08207814395427704,-2.451220750808716,0.014727910825361809,1e-05,0.0071428814,-0.0069365523134668665,316,0.2,0.03515625,15.13600746790568,-0.004483731463551521,800.0,0.3125,2206.636746125,0.4375,800.0,0.9375,0.4375,2206.636746125,0.3125
1233,63828,11,54,0.08207804709672928,-5.29811429977417,0.016033036013444264,1e-05,0.01535717,-0.01586779672652483,319,0.2,0.09505208333333333,15.13603925704956,-0.026522619649767876,800.0,0.29411764705882354,2201.604847529412,0.4117647058823529,800.0,0.9344852941176471,0.4117647058823529,2201.604847529412,0.29411764705882354
1234,64084,11,55,0.08207782357931137,0.5714635848999023,0.2418232411146164,1e-05,0.014100894,-0.02299141480276982,322,0.2,0.07942708333333333,15.13606341679891,0.049574725329875946,800.0,0.29411764705882354,2201.604847529412,0.4117647058823529,800.0,0.9344852941176471,0.4117647058823529,2201.604847529412,0.29411764705882354
1235,64340,11,56,0.08207756280899048,-3.4230289459228516,0.013277889850238958,1e-05,0.012671845,-0.016052990841368835,325,0.2,0.0703125,15.13610808054606,-0.024806492030620575,800.0,0.29411764705882354,2201.604847529412,0.4117647058823529,800.0,0.9344852941176471,0.4117647058823529,2201.604847529412,0.29411764705882354
1235,64596,11,57,0.08207746595144272,-5.167405128479004,0.017528370177994173,1e-05,0.013504325,-0.003985545132309198,328,0.2,0.09114583333333333,15.136139551798502,0.010684462264180183,800.0,0.3333333333333333,2196.250334944444,0.4444444444444444,800.0,0.9330555555555556,0.4444444444444444,2196.250334944444,0.3333333333333333
1235,64852,12,58,0.08207710832357407,-12.629294395446777,0.08216125580171744,1e-05,0.0060660094,-0.007779119536280632,331,0.2,0.022135416666666668,15.136162757873535,0.038997117429971695,800.0,0.3333333333333333,2196.250334944444,0.4444444444444444,800.0,0.9330555555555556,0.4444444444444444,2196.250334944444,0.3333333333333333
1235,65108,12,59,0.08207658678293228,-13.223939895629883,0.018156624709566433,1e-05,0.009255413,-0.00814531867702802,334,0.2,0.044270833333333336,15.136243184407553,0.000907369889318943,800.0,0.3333333333333333,2196.250334944444,0.4444444444444444,800.0,0.9330555555555556,0.4444444444444444,2196.250334944444,0.3333333333333333
1232,65364,12,60,0.08207635581493378,-7.698970794677734,0.021434292197227478,1e-05,0.007055684,-0.004532368543247382,337,0.2,0.032552083333333336,15.136318683624268,0.0027061505243182182,800.0,0.3157894736842105,2198.9152186842102,0.42105263157894735,800.0,0.935263157894737,0.42105263157894735,2198.9152186842102,0.3157894736842105
1232,65620,12,61,0.08207599073648453,0.6196662187576294,0.2427679051955541,1e-05,0.007909013,-0.014969672542065382,340,0.2,0.032552083333333336,15.13635508219401,0.08284948021173477,800.0,0.3157894736842105,2198.9152186842102,0.42105263157894735,800.0,0.935263157894737,0.42105263157894735,2198.9152186842102,0.3157894736842105
1233,65876,12,62,0.08207563310861588,-4.664149761199951,0.019374050199985504,1e-05,0.008482566,-0.005243977260154982,343,0.2,0.041666666666666664,15.136430263519287,-0.0045133475214242935,800.0,0.3157894736842105,2198.9152186842102,0.42105263157894735,800.0,0.935263157894737,0.42105263157894735,2198.9152186842102,0.3157894736842105
1233,66132,13,63,0.08207527548074722,-7.594547271728516,0.01876970597853263,1e-05,0.00864729,-0.012670685847600302,346,0.2,0.052083333333333336,15.136480490366617,-0.02787311002612114,800.0,0.3,2192.5487755,0.4,800.0,0.9320625000000001,0.4,2192.5487755,0.3
1233,66388,13,64,0.08207525312900543,-33.85301971435547,0.09253536102672417,1e-05,0.013348721,-0.013868237224717936,349,0.2,0.08463541666666667,15.13652769724528,-0.004038369283080101,800.0,0.3,2192.5487755,0.4,800.0,0.9320625000000001,0.4,2192.5487755,0.3
1233,66644,13,65,0.082075335085392,-2.3251748085021973,0.016688666461656492,1e-05,0.013616217,-0.00972674802566568,352,0.2,0.07552083333333333,15.136514027913412,-0.0008198563009500504,800.0,0.3,2192.5487755,0.4,800.0,0.9320625000000001,0.4,2192.5487755,0.3
1233,66900,13,66,0.08207523822784424,-5.708129405975342,0.021266358594099682,1e-05,0.009384951,2.5895579407612484e-05,355,0.2,0.0625,15.136514663696289,0.014730745926499367,800.0,0.2857142857142857,2194.439915142857,0.38095238095238093,800.0,0.9339285714285717,0.38095238095238093,2194.439915142857,0.2857142857142857
1233,67156,13,67,0.08207477629184723,-15.267715454101562,0.0914855773250262,1e-05,0.006554616,-0.005768465809524059,358,0.2,0.03515625,15.136552810668945,0.0334690660238266,800.0,0.2857142857142857,2194.439915142857,0.38095238095238093,800.0,0.9339285714285717,0.38095238095238093,2194.439915142857,0.2857142857142857
1233,67412,14,68,0.08207458257675171,-1.6444156169891357,0.01592702604830265,1e-05,0.006701297,-0.005509114203353723,361,0.2,0.01953125,15.136626402537027,-0.007860034704208374,800.0,0.2857142857142857,2194.439915142857,0.38095238095238093,800.0,0.9339285714285717,0.38095238095238093,2194.439915142857,0.2857142857142857
1233,67668,14,69,0.08207422494888306,-2.937490701675415,0.017462405376136303,1e-05,0.0072591514,-0.0058791725896298885,364,0.2,0.033854166666666664,15.13665501276652,-0.0021760454401373863,800.0,0.2727272727272727,2196.0638173181815,0.4090909090909091,800.0,0.9360795454545456,0.4090909090909091,2196.0638173181815,0.2727272727272727
1233,67924,14,70,0.08207403123378754,-14.749892234802246,0.08309229525427024,1e-05,0.0077960547,-0.00823604641482234,367,0.2,0.044270833333333336,15.136721928914389,0.04787440225481987,800.0,0.2727272727272727,2196.0638173181815,0.4090909090909091,800.0,0.9360795454545456,0.4090909090909091,2196.0638173181815,0.2727272727272727
1233,68180,14,71,0.08207434415817261,-4.241272449493408,0.019334981217980385,1e-05,0.0059368126,-0.0021514706313610077,370,0.2,0.026041666666666668,15.136713981628418,-0.004998482763767242,800.0,0.2727272727272727,2196.0638173181815,0.4090909090909091,800.0,0.9360795454545456,0.4090909090909091,2196.0638173181815,0.2727272727272727
1233,68436,14,72,0.08207477629184723,-5.39047384262085,0.020358570230503876,1e-05,0.010898033,-0.009708624643584093,373,0.2,0.06770833333333333,15.13664690653483,-0.02277945727109909,800.0,0.2608695652173913,2197.2405621304347,0.391304347826087,800.0,0.937771739130435,0.391304347826087,2197.2405621304347,0.2608695652173913
1233,68692,15,73,0.0820750817656517,-17.08353042602539,0.0861655796567599,1e-05,0.0101946965,-0.0045509614671270055,376,0.2,0.06770833333333333,15.136577606201172,0.023549683392047882,800.0,0.2608695652173913,2197.2405621304347,0.391304347826087,800.0,0.937771739130435,0.391304347826087,2197.2405621304347,0.2608695652173913
1233,68948,15,74,0.08207519352436066,-8.217397689819336,0.021879378395775955,1e-05,0.0128029315,-0.00943558857155343,379,0.2,0.06380208333333333,15.136541843414307,0.006604675203561783,800.0,0.2608695652173913,2197.2405621304347,0.391304347826087,800.0,0.937771739130435,0.391304347826087,2197.2405621304347,0.2608695652173913
1234,69204,15,75,0.0820753201842308,-6.368216514587402,0.019079263135790826,1e-05,0.01590433,-0.011665484309196473,382,0.2,0.0890625,15.1365234375,-0.022402573376893997,800.0,0.25,2198.1962569583334,0.4166666666666667,800.0,0.9396875000000001,0.4166666666666667,2198.1962569583334,0.25
1234,69460,15,76,0.08207566291093826,-7.322334289550781,0.020396085766454537,1e-05,0.012245553,-0.007531396423776944,385,0.2,0.0625,15.13648541768392,0.0029746228829026222,800.0,0.25,2198.1962569583334,0.4166666666666667,800.0,0.9396875000000001,0.4166666666666667,2198.1962569583334,0.25
1234,69716,15,77,0.08207618445158005,-13.180060386657715,0.08414138946682215,1e-05,0.016210567,-0.007406773666540782,388,0.2,0.10026041666666667,15.136409759521484,0.038462258875370026,800.0,0.25,2198.1962569583334,0.4166666666666667,800.0,0.9396875000000001,0.4166666666666667,2198.1962569583334,0.25
1234,69972,16,78,0.08207640796899796,-5.562253952026367,0.022044920176267625,1e-05,0.015298985,-0.013960059080272914,391,0.2,0.0828125,15.136343193054199,-0.018445715308189392,800.0,0.25,2198.1962569583334,0.4166666666666667,800.0,0.9396875000000001,0.4166666666666667,2198.1962569583334,0.25
1232,70228,16,79,0.08207645267248154,-4.979557514190674,0.016529963972667854,1e-05,0.012058876,-0.008199450792744756,394,0.2,0.05859375,15.136322180430094,-0.013387562707066536,800.0,0.24,2198.8829275999997,0.44,800.0,0.9415,0.44,2198.8829275999997,0.24
1232,70484,16,80,0.08207645267248154,0.12998950481414795,0.4423867215712865,1e-05,0.0135003915,-0.01378279086202383,397,0.2,0.09635416666666667,15.136320114135742,0.19238896667957306,800.0,0.24,2198.8829275999997,0.44,800.0,0.9415,0.44,2198.8829275999997,0.24
1233,70740,16,81,0.08207660168409348,-8.112608909606934,0.018941873994966347,1e-05,0.013050888,-0.010423931293189526,400,0.2,0.08723958333333333,15.13631280263265,-0.018508121371269226,800.0,0.24,2198.8829275999997,0.44,800.0,0.9415,0.44,2198.8829275999997,0.24
1233,70996,17,82,0.08207695186138153,-4.056520462036133,0.017319468781352043,1e-05,0.017281756,-0.013055403716862202,403,0.2,0.10677083333333333,15.13626495997111,-0.0008114343509078026,800.0,0.2692307692307692,2192.6585550384616,0.4230769230769231,800.0,0.939471153846154,0.4230769230769231,2192.6585550384616,0.2692307692307692
1233,71252,17,83,0.08207682520151138,-6.882331848144531,0.08638176197806995,1e-05,0.010523109,-0.003082933835685253,406,0.2,0.06510416666666667,15.136229197184244,0.009124141186475754,800.0,0.2692307692307692,2192.6585550384616,0.4230769230769231,800.0,0.939471153846154,0.4230769230769231,2192.6585550384616,0.2692307692307692
1233,71508,17,84,0.08207661658525467,-15.336639404296875,0.021073541790246963,1e-05,0.015503172,-0.012234502658247947,409,0.2,0.075,15.136274337768555,-0.015576554462313652,800.0,0.2692307692307692,2192.6585550384616,0.4230769230769231,800.0,0.939471153846154,0.4230769230769231,2192.6585550384616,0.2692307692307692
1233,71764,17,85,0.08207634836435318,-2.0285258293151855,0.021551112023492653,1e-05,0.0076220175,-0.003157602312664191,412,0.2,0.036458333333333336,15.136310736338297,-0.007982904091477394,800.0,0.25925925925925924,2193.1478754444443,0.4074074074074074,800.0,0.940601851851852,0.4074074074074074,2193.1478754444443,0.25925925925925924
1233,72020,17,86,0.08207612484693527,-15.500207901000977,0.08692812298734982,1e-05,0.009090133,-0.006527097430080175,415,0.2,0.052083333333333336,15.136353492736816,0.008687049150466919,800.0,0.25925925925925924,2193.1478754444443,0.4074074074074074,800.0,0.940601851851852,0.4074074074074074,2193.1478754444443,0.25925925925925924
1233,72276,18,87,0.0820758268237114,-4.921599388122559,0.021194531582295895,1e-05,0.016494785,-0.011983166759212812,418,0.2,0.10286458333333333,15.136398474375406,0.009203173220157623,800.0,0.25925925925925924,2193.1478754444443,0.4074074074074074,800.0,0.940601851851852,0.4074074074074074,2193.1478754444443,0.25925925925925924
1233,72532,18,88,0.08207567781209946,-2.7650716304779053,0.024591529741883278,1e-05,0.016797185,-0.006480625458061695,421,0.2,0.08125,15.136441230773926,-0.006480714306235313,800.0,0.25,2193.0935390714285,0.42857142857142855,800.0,0.9416517857142858,0.42857142857142855,2193.0935390714285,0.25
1233,72788,18,89,0.08207564800977707,-16.806861877441406,0.09044573145608108,1e-05,0.008755855,-0.00672765060638388,424,0.2,0.05078125,15.13645633061727,0.013362721540033817,800.0,0.25,2193.0935390714285,0.42857142857142855,800.0,0.9416517857142858,0.42857142857142855,2193.0935390714285,0.25
1232,73044,18,90,0.08207511901855469,-17.22032356262207,0.022631719708442688,1e-05,0.010176165,-0.011643897276371717,427,0.2,0.0546875,15.136482079823812,-0.010577955283224583,800.0,0.25,2193.0935390714285,0.42857142857142855,800.0,0.9416517857142858,0.42857142857142855,2193.0935390714285,0.25
1231,73300,18,91,0.0820746049284935,-4.072677135467529,0.0205306027084589,1e-05,0.020466926,-0.009673976432532072,430,0.2,0.1109375,15.136591911315918,-0.015942901372909546,800.0,0.2413793103448276,2192.5760834482758,0.41379310344827586,800.0,0.9429310344827587,0.41379310344827586,2192.5760834482758,0.2413793103448276
1231,73556,19,92,0.082073874771595,-0.06119239330291748,0.23421344409386316,1e-05,0.010384689,-0.01881436041245858,433,0.2,0.059895833333333336,15.136685689290365,0.07080838084220886,800.0,0.2413793103448276,2192.5760834482758,0.41379310344827586,800.0,0.9429310344827587,0.41379310344827586,2192.5760834482758,0.2413793103448276
1231,73812,19,93,0.08207328617572784,-0.635240912437439,0.018436964135617018,1e-05,0.016294582,-0.016610194463282824,436,0.2,0.08984375,15.136808077494303,-0.017262544482946396,800.0,0.2413793103448276,2192.5760834482758,0.41379310344827586,800.0,0.9429310344827587,0.41379310344827586,2192.5760834482758,0.2413793103448276
1231,74068,19,94,0.08207273483276367,-3.7257351875305176,0.025956608665486176,1e-05,0.018094467,-0.00233531774332126,439,0.2,0.140625,15.136905352274576,0.0012265350669622421,800.0,0.26666666666666666,2188.6772001,0.4,800.0,0.9416666666666668,0.4,2188.6772001,0.26666666666666666
1231,74324,19,95,0.08207257837057114,0.46350693702697754,0.21206358820199966,1e-05,0.00669103,-0.013735411533464989,442,0.2,0.03125,15.13697067896525,0.08797474205493927,800.0,0.26666666666666666,2188.6772001,0.4,800.0,0.9416666666666668,0.4,2188.6772001,0.26666666666666666
1230,74580,19,96,0.0820726603269577,-0.03871655464172363,0.0872052659591039,1e-05,0.006004626,-0.012095554576565823,445,0.2,0.026041666666666668,15.136973222096762,0.005907807499170303,800.0,0.26666666666666666,2188.6772001,0.4,800.0,0.9416666666666668,0.4,2188.6772001,0.26666666666666666
1230,74836,20,97,0.08207281678915024,-9.360787391662598,0.019409140571951866,1e-05,0.017749416,-0.021064808902641136,448,0.2,0.11588541666666667,15.13695478439331,-0.04767663776874542,800.0,0.25806451612903225,2182.3401639677422,0.41935483870967744,800.0,0.9395564516129034,0.41935483870967744,2182.3401639677422,0.25806451612903225
1230,75092,20,98,0.08207309991121292,-6.87030553817749,0.09035110597809155,1e-05,0.005105872,-0.0003012988405923049,451,0.2,0.016927083333333332,15.136919816335043,0.01606014370918274,800.0,0.25806451612903225,2182.3401639677422,0.41935483870967744,800.0,0.9395564516129034,0.41935483870967744,2182.3401639677422,0.25806451612903225
1230,75348,20,99,0.08207307010889053,-6.037385940551758,0.01940541745473941,1e-05,0.011853155,-0.007838012961049875,454,0.2,0.0625,15.136891523996988,-0.001546061597764492,800.0,0.25806451612903225,2182.3401639677422,0.41935483870967744,800.0,0.9395564516129034,0.41935483870967744,2182.3401639677422,0.25806451612903225
1231,75604,20,100,0.08207293599843979,-1.3979811668395996,0.016852200403809546,1e-05,0.016342081,-0.007382726296782494,457,0.2,0.0796875,15.136908531188965,-0.007426271215081215,800.0,0.25,2181.44364053125,0.40625,800.0,0.9403515625,0.40625,2181.44364053125,0.25
1231,75860,20,101,0.08207275718450546,-11.079008102416992,0.018782322760671377,1e-05,0.010910093,-0.009082279866561294,459,0.2,0.076171875,15.136930704116821,0.005059811286628246,800.0,0.25,2181.44364053125,0.40625,800.0,0.9403515625,0.40625,2181.44364053125,0.25
1231,76116,21,102,0.08207236230373383,-10.921451568603516,0.08977645337581634,1e-05,0.024697453,-0.004680664092302322,462,0.2,0.140625,15.136982727050782,0.038203123956918716,800.0,0.25,2181.44364053125,0.40625,800.0,0.9403515625,0.40625,2181.44364053125,0.25
1231,76372,21,103,0.08207191526889801,-3.096311092376709,0.01859998671958844,1e-05,0.012309059,-0.005743283623208602,465,0.2,0.07291666666666667,15.137051741282145,-0.002319379709661007,800.0,0.25,2181.44364053125,0.40625,800.0,0.9403515625,0.40625,2181.44364053125,0.25
1231,76628,21,104,0.0820717141032219,-3.9173574447631836,0.016467918176203966,1e-05,0.011374129,-0.006470918034513791,468,0.2,0.06510416666666667,15.13711150487264,-0.016156211495399475,800.0,0.24242424242424243,2180.298796090909,0.3939393939393939,800.0,0.9411742424242424,0.3939393939393939,2180.298796090909,0.24242424242424243
1231,76884,21,105,0.08207166939973831,-11.32384204864502,0.08591799512505531,1e-05,0.020845877,-0.0011033743619918823,471,0.2,0.109375,15.137132263183593,0.028628744184970856,800.0,0.24242424242424243,2180.298796090909,0.3939393939393939,800.0,0.9411742424242424,0.3939393939393939,2180.298796090909,0.24242424242424243
1231,77140,22,106,0.08207141607999802,-13.53090763092041,0.018013761068383854,1e-05,0.013563834,-0.01009076073144873,474,0.2,0.08463541666666667,15.137152353922525,-0.024115534499287605,800.0,0.24242424242424243,2180.298796090909,0.3939393939393939,800.0,0.9411742424242424,0.3939393939393939,2180.298796090909,0.24242424242424243
1231,77396,22,107,0.08207134902477264,-1.981215476989746,0.019483375176787377,1e-05,0.021646034,-0.01875132881104946,477,0.2,0.1375,15.137187576293945,-0.024918392300605774,800.0,0.23529411764705882,2178.462891764706,0.38235294117647056,800.0,0.9416911764705882,0.38235294117647056,2178.462891764706,0.23529411764705882
1231,77652,22,108,0.08207128942012787,-5.490993976593018,0.08327804505825043,1e-05,0.022428803,-0.007353876531124115,480,0.2,0.1078125,15.137193298339843,0.03283841907978058,800.0,0.23529411764705882,2178.462891764706,0.38235294117647056,800.0,0.9416911764705882,0.38235294117647056,2178.462891764706,0.23529411764705882
1231,77908,22,109,0.08207137137651443,-2.8175039291381836,0.017359730042517185,1e-05,0.018012997,-0.00018167495727539062,483,0.2,0.1015625,15.137195205688476,0.01687648706138134,800.0,0.23529411764705882,2178.462891764706,0.38235294117647056,800.0,0.9416911764705882,0.38235294117647056,2178.462891764706,0.23529411764705882
1230,78164,22,110,0.0820714607834816,-7.442639350891113,0.020562554709613323,1e-05,0.011136899,-0.011235938407480717,485,0.2,0.078125,15.137178659439087,-0.007282111793756485,800.0,0.22857142857142856,2176.6081274285716,0.37142857142857144,800.0,0.9427857142857141,0.37142857142857144,2176.6081274285716,0.22857142857142856
1230,78420,23,111,0.08207160979509354,0.7077168226242065,0.31054367423057555,1e-05,0.019382007,-0.020998116210103036,488,0.2,0.08125,15.137155914306641,0.11923906207084656,800.0,0.22857142857142856,2176.6081274285716,0.37142857142857144,800.0,0.9427857142857141,0.37142857142857144,2176.6081274285716,0.22857142857142856
1230,78676,23,112,0.08207156509160995,-4.884954929351807,0.01850435547530651,1e-05,0.015734786,-0.005361855588853359,491,0.2,0.090625,15.137146949768066,0.002258775755763054,800.0,0.22857142857142856,2176.6081274285716,0.37142857142857144,800.0,0.9427857142857141,0.37142857142857144,2176.6081274285716,0.22857142857142856
1229,78932,23,113,0.08207117766141891,-1.5046272277832031,0.018611277143160503,1e-05,0.005046391,0.0009191874414682388,494,0.2,0.013020833333333334,15.137174765268961,0.006322021596133709,800.0,0.25,2169.3344120555557,0.3611111111111111,800.0,0.9412847222222221,0.3611111111111111,2169.3344120555557,0.25
1230,79188,23,114,0.0820709690451622,0.9793906807899475,0.05053334931532542,1e-05,0.009261277,-0.011555387250458201,497,0.2,0.0390625,15.137239933013916,0.0012311246246099472,800.0,0.25,2169.3344120555557,0.3611111111111111,800.0,0.9412847222222221,0.3611111111111111,2169.3344120555557,0.25
1230,79444,23,115,0.0820709690451622,-18.894689559936523,0.03942006230354309,1e-05,0.015234178,-0.0009982507675886155,500,0.2,0.0640625,15.137253761291504,0.029151061549782753,800.0,0.25,2169.3344120555557,0.3611111111111111,800.0,0.9412847222222221,0.3611111111111111,2169.3344120555557,0.25
1229,79700,24,116,0.08207084983587265,0.6041140556335449,0.38254470378160477,1e-05,0.015874112,-0.01949168210073064,503,0.2,0.09375,15.137264092763266,0.18332022428512573,800.0,0.24324324324324326,2129.9124834324325,0.3783783783783784,800.0,0.9253378378378377,0.3783783783783784,2129.9124834324325,0.24324324324324326
1229,79956,24,117,0.082070492208004,0.20470142364501953,0.14515591164429983,1e-05,0.010649691,-0.014403751430412134,506,0.2,0.0546875,15.137295087178549,0.028370141983032227,800.0,0.24324324324324326,2129.9124834324325,0.3783783783783784,800.0,0.9253378378378377,0.3783783783783784,2129.9124834324325,0.24324324324324326
1229,80212,24,118,0.08207029849290848,-7.295019149780273,0.017665987834334373,1e-05,0.02093526,-0.010126159060746431,509,0.2,0.11588541666666667,15.137358665466309,-0.00859303679317236,800.0,0.24324324324324326,2129.9124834324325,0.3783783783783784,800.0,0.9253378378378377,0.3783783783783784,2129.9124834324325,0.24324324324324326
1230,80468,24,119,0.08207036554813385,-6.411293983459473,0.016948542930185793,1e-05,0.017508902,-0.008058583550155162,512,0.2,0.109375,15.137362861633301,-0.013318669982254505,800.0,0.2631578947368421,2126.288821421053,0.3684210526315789,800.0,0.9257894736842105,0.3684210526315789,2126.288821421053,0.2631578947368421
1229,80724,24,120,0.08207035809755325,-11.666604995727539,0.06815682873129844,1e-05,0.015419552,-0.005126357451081276,515,0.2,0.084375,15.137358093261719,-0.009491399861872196,800.0,0.2631578947368421,2126.288821421053,0.3684210526315789,800.0,0.9257894736842105,0.3684210526315789,2126.288821421053,0.2631578947368421
1229,80980,25,121,0.0820702388882637,-2.047377109527588,0.018996057286858558,1e-05,0.015565346,-0.005104073975235224,518,0.2,0.1,15.137367630004883,-0.0002953493967652321,800.0,0.2631578947368421,2126.288821421053,0.3684210526315789,800.0,0.9257894736842105,0.3684210526315789,2126.288821421053,0.2631578947368421
1229,81236,25,122,0.08206989616155624,-9.263467788696289,0.01667023077607155,1e-05,0.017765215,-0.00885367781544725,521,0.2,0.11848958333333333,15.137405077616373,0.006269533187150955,800.0,0.2564102564102564,2123.977360948718,0.38461538461538464,800.0,0.9268589743589744,0.38461538461538464,2123.977360948718,0.2564102564102564
1229,81492,25,123,0.08206959068775177,-11.15858268737793,0.06978378010292847,1e-05,0.01943555,-0.004034317408998807,524,0.2,0.13151041666666666,15.137465159098307,0.019272956997156143,800.0,0.2564102564102564,2123.977360948718,0.38461538461538464,800.0,0.9268589743589744,0.38461538461538464,2123.977360948718,0.2564102564102564
1229,81748,25,124,0.08206955343484879,-6.633740425109863,0.015529222475985685,1e-05,0.007871742,-0.004511551310618718,527,0.2,0.046875,15.137496630350748,-0.01999807357788086,800.0,0.2564102564102564,2123.977360948718,0.38461538461538464,800.0,0.9268589743589744,0.38461538461538464,2123.977360948718,0.2564102564102564
1228,82004,26,125,0.08206964284181595,-1.3895974159240723,0.011881637386977673,1e-05,0.016199745,-0.010216150898486376,529,0.2,0.115234375,15.137488842010498,0.0008051292970776558,800.0,0.25,2121.4195251749998,0.375,800.0,0.92771875,0.375,2121.4195251749998,0.25
1228,82260,26,126,0.08206980675458908,-1.1970946788787842,0.013385199708864093,1e-05,0.026908852,-0.004487277939915657,531,0.2,0.1875,15.137466669082642,0.007810141425579786,800.0,0.25,2121.4195251749998,0.375,800.0,0.92771875,0.375,2121.4195251749998,0.25
1228,82516,26,127,0.08206993341445923,0.6739892363548279,0.19724217802286148,1e-05,0.011955171,-0.00852942478377372,533,0.2,0.0859375,15.13744044303894,0.08042297512292862,800.0,0.25,2121.4195251749998,0.375,800.0,0.92771875,0.375,2121.4195251749998,0.25
1228,82772,26,128,0.0820700079202652,-4.975072383880615,0.012085275569309792,1e-05,0.009132752,-0.006308300420641899,536,0.2,0.0546875,15.137422720591227,-0.00873552355915308,800.0,0.25,2121.4195251749998,0.375,800.0,0.92771875,0.375,2121.4195251749998,0.25
1228,83028,26,129,0.08206985145807266,-1.0648469924926758,0.012078975327312946,1e-05,0.016801642,-0.012158419471234083,539,0.2,0.11979166666666667,15.137430349985758,-0.013274178840219975,800.0,0.2682926829268293,2114.645414219512,0.3902439024390244,800.0,0.9272256097560976,0.3902439024390244,2114.645414219512,0.2682926829268293
1228,83284,27,130,0.08206970989704132,-6.60256814956665,0.0797550469636917,1e-05,0.017162783,-0.007581991516053677,542,0.2,0.0890625,15.137460327148437,0.02925475873053074,800.0,0.2682926829268293,2114.645414219512,0.3902439024390244,800.0,0.9272256097560976,0.3902439024390244,2114.645414219512,0.2682926829268293
1228,83540,27,131,0.08206982165575027,-8.796721458435059,0.015021785534918309,1e-05,0.015789535,-0.011047936603426933,545,0.2,0.075,15.137461280822754,-0.026089902967214584,800.0,0.2682926829268293,2114.645414219512,0.3902439024390244,800.0,0.9272256097560976,0.3902439024390244,2114.645414219512,0.2682926829268293
1228,83796,27,132,0.08206994831562042,-1.615619421005249,0.01042337454855442,1e-05,0.023577169,-0.011495770886540413,548,0.2,0.1171875,15.137441635131836,-0.02203398011624813,800.0,0.2619047619047619,2111.777149047619,0.38095238095238093,800.0,0.9276190476190477,0.38095238095238093,2111.777149047619,0.2619047619047619
1228,84052,27,133,0.08207019418478012,-0.38797998428344727,0.30346229672431946,1e-05,0.022588624,-0.016138065916796524,551,0.2,0.13541666666666666,15.13740905125936,0.14073503017425537,800.0,0.2619047619047619,2111.777149047619,0.38095238095238093,800.0,0.9276190476190477,0.38095238095238093,2111.777149047619,0.2619047619047619
1228,84308,27,134,0.0820704773068428,-0.7996474504470825,0.09995079040527344,1e-05,0.0133212665,-0.013249699957668781,554,0.2,0.06770833333333333,15.137361844380697,0.020285669714212418,800.0,0.2619047619047619,2111.777149047619,0.38095238095238093,800.0,0.9276190476190477,0.38095238095238093,2111.777149047619,0.2619047619047619
1228,84564,28,135,0.08207081258296967,-11.563136100769043,0.009509294759482145,1e-05,0.023127902,-0.002624445408582687,557,0.2,0.125,15.137311744689942,0.004642583429813385,800.0,0.2558139534883721,2105.7663018139533,0.37209302325581395,800.0,0.9256104651162791,0.37209302325581395,2105.7663018139533,0.2558139534883721
1228,84820,28,136,0.08207117766141891,-7.528670310974121,0.054028534019986786,1e-05,0.016517643,-0.010498307334880034,560,0.2,0.11197916666666667,15.137245655059814,-0.004991291090846062,800.0,0.2558139534883721,2105.7663018139533,0.37209302325581395,800.0,0.9256104651162791,0.37209302325581395,2105.7663018139533,0.2558139534883721
1228,85076,28,137,0.08207128942012787,-4.277639865875244,0.009355145040899515,1e-05,0.01410924,-0.008810103327656785,563,0.2,0.07942708333333333,15.137211640675863,-0.006395216099917889,800.0,0.2558139534883721,2105.7663018139533,0.37209302325581395,800.0,0.9256104651162791,0.37209302325581395,2105.7663018139533,0.2558139534883721
1228,85332,28,138,0.08207128942012787,-4.800791263580322,0.008929886296391487,1e-05,0.022384603,-0.014189764857292175,566,0.2,0.1265625,15.137197875976563,-0.023846756666898727,800.0,0.25,2102.5452309545453,0.36363636363636365,800.0,0.9263920454545456,0.36363636363636365,2102.5452309545453,0.25
1228,85588,28,139,0.08207101374864578,0.10344797372817993,0.3478662818670273,1e-05,0.014874878,-0.016559964045882225,569,0.2,0.10026041666666667,15.137220700581869,0.1574159860610962,800.0,0.25,2102.5452309545453,0.36363636363636365,800.0,0.9263920454545456,0.36363636363636365,2102.5452309545453,0.25
1229,85844,29,140,0.08207082748413086,-1.3231110572814941,0.011985659040510655,1e-05,0.023765702,-0.016396545246243475,572,0.2,0.13125,15.13726348876953,-0.031213272362947464,800.0,0.25,2102.5452309545453,0.36363636363636365,800.0,0.9263920454545456,0.36363636363636365,2102.5452309545453,0.25
1229,86100,29,141,0.08207046240568161,-6.357111930847168,0.010550625001390776,1e-05,0.016250929,-0.008117867168039083,575,0.2,0.09635416666666667,15.137309551239014,0.00039895065128803253,800.0,0.24444444444444444,2094.036545111111,0.35555555555555557,800.0,0.9238611111111112,0.35555555555555557,2094.036545111111,0.24444444444444444
1229,86356,29,142,0.08207028359174728,-13.054669380187988,0.0636929019043843,1e-05,0.014769334,-0.009396101192881664,578,0.2,0.09244791666666667,15.137359460194906,0.008636632934212685,800.0,0.24444444444444444,2094.036545111111,0.35555555555555557,800.0,0.9238611111111112,0.35555555555555557,2094.036545111111,0.24444444444444444
1229,86612,29,143,0.0820702314376831,-11.82797622680664,0.013128433609381318,1e-05,0.014673915,-0.005335961934179068,580,0.2,0.1015625,15.13737678527832,0.0010521188378334045,800.0,0.24444444444444444,2094.036545111111,0.35555555555555557,800.0,0.9238611111111112,0.35555555555555557,2094.036545111111,0.24444444444444444
1228,86868,30,144,0.08207017928361893,-3.3934969902038574,0.010629876144230365,1e-05,0.015366076,-0.002480526268482208,583,0.2,0.103125,15.137383842468262,-0.0007763318717479706,800.0,0.2391304347826087,2089.036934347826,0.34782608695652173,800.0,0.9246467391304349,0.34782608695652173,2089.036934347826,0.2391304347826087
1228,87124,30,145,0.0820697620511055,0.07159185409545898,0.1393286200861136,1e-05,0.01166837,-0.015232496739675602,586,0.2,0.0625,15.137414137522379,0.029064811766147614,800.0,0.2391304347826087,2089.036934347826,0.34782608695652173,800.0,0.9246467391304349,0.34782608695652173,2089.036934347826,0.2391304347826087
1228,87380,30,146,0.08206946402788162,-0.2649015188217163,0.09809135049581527,1e-05,0.020457499,-0.018623743765056135,589,0.2,0.1015625,15.137488174438477,0.012892663478851318,800.0,0.2391304347826087,2089.036934347826,0.34782608695652173,800.0,0.9246467391304349,0.34782608695652173,2089.036934347826,0.2391304347826087
1227,87636,30,147,0.08206932991743088,-3.5818395614624023,0.010578679153695703,1e-05,0.013097341,-0.004743580706417561,591,0.2,0.109375,15.137523889541626,0.0007571149617433548,800.0,0.2553191489361702,2081.2579244468084,0.3617021276595745,800.0,0.9229521276595746,0.3617021276595745,2081.2579244468084,0.2553191489361702
1228,87892,30,148,0.08206909894943237,-0.4486198425292969,0.15194589272141457,1e-05,0.016316867,-0.012306368133674065,594,0.2,0.11588541666666667,15.137554009755453,0.0628853291273117,800.0,0.2553191489361702,2081.2579244468084,0.3617021276595745,800.0,0.9229521276595746,0.3617021276595745,2081.2579244468084,0.2553191489361702
1228,88148,31,149,0.08206892013549805,-0.19925439357757568,0.5313533892234167,1e-05,0.012045652,-0.01671096806724866,597,0.2,0.06770833333333333,15.137588342030844,0.20196174085140228,800.0,0.2553191489361702,2081.2579244468084,0.3617021276595745,800.0,0.9229521276595746,0.3617021276595745,2081.2579244468084,0.2553191489361702
1228,88404,31,150,0.08206860721111298,0.16620051860809326,0.4382414023081462,1e-05,0.015785433,-0.02033884481837352,600,0.2,0.08333333333333333,15.137629191080729,0.172576442360878,800.0,0.2708333333333333,2060.5614515,0.3541666666666667,800.0,0.9144270833333333,0.3541666666666667,2060.5614515,0.2708333333333333
1228,88660,31,151,0.08206840604543686,-7.674525260925293,0.011554665863513947,1e-05,0.014919142,-0.005878992689152558,603,0.2,0.09895833333333333,15.137680848439535,-0.008965127170085907,800.0,0.2708333333333333,2060.5614515,0.3541666666666667,800.0,0.9144270833333333,0.3541666666666667,2060.5614515,0.2708333333333333
1228,88916,31,152,0.08206827938556671,-10.933332443237305,0.03890806697309017,1e-05,0.018983921,-0.0071015152614563705,606,0.2,0.1046875,15.13769989013672,-0.0011522751301527023,800.0,0.2708333333333333,2060.5614515,0.3541666666666667,800.0,0.9144270833333333,0.3541666666666667,2060.5614515,0.2708333333333333
1228,89172,31,153,0.08206809312105179,-14.561366081237793,0.007405091542750597,1e-05,0.017075634,-0.008140986040234565,609,0.2,0.090625,15.137731742858886,-0.017358409240841866,800.0,0.2708333333333333,2060.5614515,0.3541666666666667,800.0,0.9144270833333333,0.3541666666666667,2060.5614515,0.2708333333333333
1228,89428,32,154,0.08206790685653687,-9.803409576416016,0.008597057312726974,1e-05,0.010061315,-0.005301245022565126,611,0.2,0.078125,15.137758016586304,-0.007857860065996647,800.0,0.2653061224489796,2054.4076187755104,0.3469387755102041,800.0,0.915204081632653,0.3469387755102041,2054.4076187755104,0.2653061224489796
1228,89684,32,155,0.08206761628389359,0.4126545190811157,0.21890843510627747,1e-05,0.01640904,-0.012525378540158272,614,0.2,0.096875,15.137801933288575,0.0907951295375824,800.0,0.2653061224489796,2054.4076187755104,0.3469387755102041,800.0,0.915204081632653,0.3469387755102041,2054.4076187755104,0.2653061224489796
1228,89940,32,156,0.08206716924905777,-10.700313568115234,0.005822878563776612,1e-05,0.011649747,-0.0026575826729337373,617,0.2,0.08463541666666667,15.137861251831055,0.001269983360543847,800.0,0.2653061224489796,2054.4076187755104,0.3469387755102041,800.0,0.915204081632653,0.3469387755102041,2054.4076187755104,0.2653061224489796
1228,90196,32,157,0.08206693828105927,-11.342327117919922,0.008048791904002428,1e-05,0.011161381,-0.0030500288121402264,619,0.2,0.078125,15.137922763824463,0.0008939849212765694,800.0,0.28,2045.8334936400001,0.34,800.0,0.91435,0.34,2045.8334936400001,0.28
1228,90452,32,158,0.08206655830144882,-0.10441052913665771,0.3742447793483734,1e-05,0.012746008,-0.02252790362884601,622,0.2,0.07942708333333333,15.137969811757406,0.12445870041847229,800.0,0.28,2045.8334936400001,0.34,800.0,0.91435,0.34,2045.8334936400001,0.28
1228,90708,33,159,0.08206627517938614,0.29623323678970337,0.27536592483520506,1e-05,0.016190127,-0.012020639702677726,625,0.2,0.06875,15.138032531738281,0.09888826310634613,800.0,0.28,2045.8334936400001,0.34,800.0,0.91435,0.34,2045.8334936400001,0.28
1228,90964,33,160,0.08206606656312943,-7.852147102355957,0.007157373987138271,1e-05,0.016542638,-0.006558979209512472,628,0.2,0.0890625,15.13807487487793,-0.0059151058085262775,800.0,0.29411764705882354,2030.1107066666668,0.3333333333333333,800.0,0.9079901960784315,0.3333333333333333,2030.1107066666668,0.29411764705882354
1228,91220,33,161,0.08206602185964584,0.21096748113632202,0.20382859706878662,1e-05,0.029988967,-0.02018990684300661,631,0.2,0.134375,15.13809642791748,0.08604197949171066,800.0,0.29411764705882354,2030.1107066666668,0.3333333333333333,800.0,0.9079901960784315,0.3333333333333333,2030.1107066666668,0.29411764705882354
1228,91476,33,162,0.08206596225500107,-4.552270412445068,0.006477252813056111,1e-05,0.017978117,-0.0016388832591474056,633,0.2,0.138671875,15.138103246688843,0.009434716776013374,800.0,0.29411764705882354,2030.1107066666668,0.3333333333333333,800.0,0.9079901960784315,0.3333333333333333,2030.1107066666668,0.29411764705882354
1228,91732,33,163,0.08206595480442047,-11.75533390045166,0.007336109410971403,1e-05,0.017090531,-0.007003526668995619,635,0.2,0.134765625,15.138107538223267,0.005014648661017418,800.0,0.3076923076923077,2023.5500166153847,0.34615384615384615,800.0,0.9067788461538462,0.34615384615384615,2023.5500166153847,0.3076923076923077
1228,91988,34,164,0.08206590265035629,-0.10160720348358154,0.11044683903455735,1e-05,0.020979172,-0.017116947472095488,638,0.2,0.109375,15.138114547729492,0.005251210182905197,800.0,0.3076923076923077,2023.5500166153847,0.34615384615384615,800.0,0.9067788461538462,0.34615384615384615,2023.5500166153847,0.3076923076923077
1228,92244,34,165,0.08206586539745331,0.23475033044815063,0.16405270993709564,1e-05,0.012678834,-0.011224940574417511,641,0.2,0.07161458333333333,15.138122399648031,0.04658319801092148,800.0,0.3076923076923077,2023.5500166153847,0.34615384615384615,800.0,0.9067788461538462,0.34615384615384615,2023.5500166153847,0.3076923076923077
1227,92500,34,166,0.08206590265035629,-6.562312126159668,0.005149288475513459,1e-05,0.022210652,-0.012068676948547363,644,0.2,0.103125,15.138123893737793,-0.011911151930689812,800.0,0.32075471698113206,2015.34994354717,0.33962264150943394,800.0,0.904245283018868,0.33962264150943394,2015.34994354717,0.32075471698113206
1227,92756,34,167,0.08206599205732346,0.581528902053833,0.18901917040348054,1e-05,0.023582557,-0.016078729555010794,647,0.2,0.1390625,15.138113021850586,0.05879788100719452,800.0,0.32075471698113206,2015.34994354717,0.33962264150943394,800.0,0.904245283018868,0.33962264150943394,2015.34994354717,0.32075471698113206
1228,93012,35,168,0.08206623047590256,-2.1492667198181152,0.5250065128008524,1e-05,0.0152201895,-0.020215637671450775,650,0.2,0.10286458333333333,15.138083299001059,0.23660025000572205,800.0,0.32075471698113206,2015.34994354717,0.33962264150943394,800.0,0.904245283018868,0.33962264150943394,2015.34994354717,0.32075471698113206
1228,93268,35,169,0.08206654340028763,-2.5599164962768555,0.6427471240361532,1e-05,0.011875316,-0.020068262082835037,653,0.2,0.0703125,15.138038635253906,0.2774762809276581,800.0,0.3333333333333333,1982.7947110555558,0.3333333333333333,800.0,0.8881018518518519,0.3333333333333333,1982.7947110555558,0.3148148148148148
1228,93524,35,170,0.08206672221422195,-3.0474586486816406,0.5352599173784256,1e-05,0.017477542,-0.02003130844483773,656,0.2,0.10416666666666667,15.137993971506754,0.19026483595371246,800.0,0.3333333333333333,1982.7947110555558,0.3333333333333333,800.0,0.8881018518518519,0.3333333333333333,1982.7947110555558,0.3148148148148148
1228,93780,35,171,0.08206667006015778,0.6161960363388062,0.06898395493626594,1e-05,0.017004432,-0.016827263683080674,659,0.2,0.08125,15.137980651855468,-0.0005442388355731964,800.0,0.3333333333333333,1982.7947110555558,0.3333333333333333,800.0,0.8881018518518519,0.3333333333333333,1982.7947110555558,0.3148148148148148
1226,94036,35,172,0.08206649869680405,0.060070931911468506,0.1359917769829432,1e-05,0.015293584,-0.012736010209967693,662,0.2,0.10807291666666667,15.13800303141276,0.03739237040281296,800.0,0.34545454545454546,1967.7761664545458,0.32727272727272727,800.0,0.8810227272727273,0.32727272727272727,1967.7761664545458,0.32727272727272727
1227,94292,36,173,0.08206626027822495,-0.33854246139526367,0.2193626488248507,1e-05,0.009976249,-0.01881614172210296,665,0.2,0.049479166666666664,15.13803227742513,0.06595087796449661,800.0,0.34545454545454546,1967.7761664545458,0.32727272727272727,800.0,0.8810227272727273,0.32727272727272727,1967.7761664545458,0.32727272727272727
1227,94548,36,174,0.0820661261677742,-2.470897912979126,0.2910080552101135,1e-05,0.008678023,-0.012079499972363314,668,0.2,0.049479166666666664,15.138069152832031,0.11126913875341415,800.0,0.34545454545454546,1967.7761664545458,0.32727272727272727,800.0,0.8810227272727273,0.32727272727272727,1967.7761664545458,0.32727272727272727
1227,94804,36,175,0.08206625282764435,-2.998018741607666,0.3061924030383428,1e-05,0.013703623,-0.026862146332859993,671,0.2,0.078125,15.138077735900879,0.08484502881765366,800.0,0.35714285714285715,1938.7331820714285,0.32142857142857145,800.0,0.8661607142857143,0.32142857142857145,1938.7331820714285,0.32142857142857145
1228,95060,36,176,0.08206649869680405,-2.879938840866089,0.24931922306617102,1e-05,0.016053677,-0.021310344027976196,674,0.2,0.07682291666666667,15.138036410013834,0.07192542403936386,800.0,0.35714285714285715,1938.7331820714285,0.32142857142857145,800.0,0.8661607142857143,0.32142857142857145,1938.7331820714285,0.32142857142857145
1228,95316,36,177,0.08206652849912643,-1.3663992881774902,0.19421481589476267,1e-05,0.013425009,-0.011352738365530968,677,0.2,0.053385416666666664,15.138005574544271,0.08091247081756592,800.0,0.35714285714285715,1938.7331820714285,0.32142857142857145,800.0,0.8661607142857143,0.32142857142857145,1938.7331820714285,0.32142857142857145
1228,95572,37,178,0.08206607401371002,-0.39458417892456055,0.11644671360651652,1e-05,0.009741828,-0.014248130687822899,680,0.2,0.044270833333333336,15.138036727905273,0.032468877732753754,800.0,0.35714285714285715,1938.7331820714285,0.32142857142857145,800.0,0.8661607142857143,0.32142857142857145,1938.7331820714285,0.32142857142857145
1228,95828,37,179,0.08206568658351898,-3.8162779808044434,0.21885964771111807,1e-05,0.0133978445,-0.021124498608211677,683,0.2,0.061197916666666664,15.138126214345297,0.058105506002902985,800.0,0.3684210526315789,1919.255674368421,0.3157894736842105,800.0,0.8549780701754386,0.3157894736842105,1919.255674368421,0.3157894736842105
1228,96084,37,180,0.08206555992364883,-0.554389238357544,0.17239076644182205,1e-05,0.012397652,-0.019802363589406013,686,0.2,0.08333333333333333,15.138168017069498,0.03845643997192383,800.0,0.3684210526315789,1919.255674368421,0.3157894736842105,800.0,0.8549780701754386,0.3157894736842105,1919.255674368421,0.3157894736842105
1228,96340,37,181,0.08206544071435928,-2.3806066513061523,0.38145463168621063,1e-05,0.00905877,-0.01980254364510377,689,0.2,0.04296875,15.138182799021402,0.15369558334350586,800.0,0.3684210526315789,1919.255674368421,0.3157894736842105,800.0,0.8549780701754386,0.3157894736842105,1919.255674368421,0.3157894736842105
1229,96596,37,182,0.08206520974636078,-5.098771095275879,0.287133293847243,1e-05,0.011044722,-0.01871708097557227,692,0.2,0.052083333333333336,15.138215700785318,0.09155680239200592,800.0,0.3793103448275862,1893.8183762068966,0.3103448275862069,800.0,0.8423922413793103,0.3103448275862069,1893.8183762068966,0.3103448275862069
1229,96852,38,183,0.08206500858068466,-4.121683120727539,0.37511172890663147,1e-05,0.013496431,-0.02878671046346426,695,0.2,0.08854166666666667,15.138253211975098,0.09097202867269516,800.0,0.3793103448275862,1893.8183762068966,0.3103448275862069,800.0,0.8423922413793103,0.3103448275862069,1893.8183762068966,0.3103448275862069
1229,97108,38,184,0.08206488192081451,-0.4724687337875366,0.0550500862300396,1e-05,0.008770166,-0.01934808026999235,698,0.2,0.033854166666666664,15.13827927907308,-0.017630834132432938,800.0,0.3793103448275862,1893.8183762068966,0.3103448275862069,800.0,0.8423922413793103,0.3103448275862069,1893.8183762068966,0.3103448275862069
1229,97364,38,185,0.08206457644701004,-0.13742518424987793,0.040167455871899925,1e-05,0.012243461,-0.007212006797393163,701,0.2,0.08333333333333333,15.138309160868326,-0.013350607827305794,800.0,0.3898305084745763,1885.9305858644068,0.3050847457627119,800.0,0.8391313559322033,0.3050847457627119,1885.9305858644068,0.3220338983050847
1229,97620,38,186,0.08206450939178467,0.13094019889831543,0.07968595003088315,1e-05,0.012826508,-0.019567317329347134,704,0.2,0.0703125,15.138359069824219,-0.0017652325332164764,800.0,0.3898305084745763,1885.9305858644068,0.3050847457627119,800.0,0.8391313559322033,0.3050847457627119,1885.9305858644068,0.3220338983050847
1229,97876,38,187,0.08206450939178467,-14.21809196472168,0.028958389535546303,1e-05,0.016954388,-0.006144505925476551,707,0.2,0.11067708333333333,15.138352076212565,-0.021785244345664978,800.0,0.3898305084745763,1885.9305858644068,0.3050847457627119,800.0,0.8391313559322033,0.3050847457627119,1885.9305858644068,0.3220338983050847
1228,98132,39,188,0.08206384629011154,-3.5426735877990723,0.016358819634964068,1e-05,0.013601148,-0.005270510291059812,710,0.2,0.08723958333333333,15.138392925262451,-0.0035423152148723602,800.0,0.4,1881.9370500666666,0.3,800.0,0.8388749999999999,0.3,1881.9370500666666,0.3333333333333333
1229,98388,39,189,0.08206315338611603,-8.518917083740234,0.03658635697017113,1e-05,0.017818216,-0.005485219260056813,713,0.2,0.10286458333333333,15.138530254364014,0.025214288383722305,800.0,0.4,1881.9370500666666,0.3,800.0,0.8388749999999999,0.3,1881.9370500666666,0.3333333333333333
1229,98644,39,190,0.08206277340650558,0.21804136037826538,0.07677121460437775,1e-05,0.014459262,-0.017429690808057785,716,0.2,0.08984375,15.138624668121338,0.00981508195400238,800.0,0.4,1881.9370500666666,0.3,800.0,0.8388749999999999,0.3,1881.9370500666666,0.3333333333333333
1229,98900,39,191,0.0820624902844429,-3.1564722061157227,0.17920220891634622,1e-05,0.014238507,-0.018736594977478187,719,0.2,0.059895833333333336,15.138675371805826,0.037205640226602554,800.0,0.4098360655737705,1867.68765,0.29508196721311475,800.0,0.8315573770491802,0.29508196721311475,1867.68765,0.32786885245901637
1229,99156,39,192,0.08206220716238022,-0.702150821685791,0.1716428647438685,1e-05,0.010417245,-0.021764086559414864,722,0.2,0.0546875,15.13872226079305,0.05044535547494888,800.0,0.4098360655737705,1867.68765,0.29508196721311475,800.0,0.8315573770491802,0.29508196721311475,1867.68765,0.32786885245901637
1229,99412,40,193,0.08206199109554291,-5.65789270401001,0.01540711879109343,1e-05,0.011805194,-0.0076684483016530676,725,0.2,0.06510416666666667,15.138766924540201,-0.00852267537266016,800.0,0.4098360655737705,1867.68765,0.29508196721311475,800.0,0.8315573770491802,0.29508196721311475,1867.68765,0.32786885245901637
1228,99668,40,194,0.08206182718276978,-7.109619140625,0.01564695443958044,1e-05,0.018041354,-0.0030824625864624977,728,0.2,0.109375,15.138800621032715,0.007018581498414278,800.0,0.4032258064516129,1866.9586366290323,0.2903225806451613,800.0,0.8329032258064515,0.2903225806451613,1866.9586366290323,0.3225806451612903
1228,99924,40,195,0.08206149190664291,0.3437453508377075,0.19687148680289587,1e-05,0.014368663,-0.02525977340216438,731,0.2,0.06640625,15.138839721679688,0.03961033374071121,800.0,0.4032258064516129,1866.9586366290323,0.2903225806451613,800.0,0.8329032258064515,0.2903225806451613,1866.9586366290323,0.3225806451612903
1229,100180,40,196,0.08206117153167725,-2.5458984375,0.19387896110614142,1e-05,0.009122549,-0.019957836717367172,734,0.2,0.045572916666666664,15.138899008433023,0.04901134595274925,800.0,0.4032258064516129,1866.9586366290323,0.2903225806451613,800.0,0.8329032258064515,0.2903225806451613,1866.9586366290323,0.3225806451612903
1229,100436,41,197,0.08206101506948471,-2.2512102127075195,0.15567607432603836,1e-05,0.0070495396,-0.015366866563757261,737,0.2,0.022135416666666668,15.13893747329712,0.04044778272509575,800.0,0.4126984126984127,1842.8469525396827,0.2857142857142857,800.0,0.8206547619047618,0.2857142857142857,1842.8469525396827,0.31746031746031744
1229,100692,41,198,0.08206093311309814,-0.5138906240463257,0.1534049684802691,1e-05,0.008233974,-0.013765959534794092,740,0.2,0.036458333333333336,15.138959725697836,0.04023566097021103,800.0,0.4126984126984127,1842.8469525396827,0.2857142857142857,800.0,0.8206547619047618,0.2857142857142857,1842.8469525396827,0.31746031746031744
1229,100948,41,199,0.08206105977296829,-3.518688678741455,0.016074821818619967,1e-05,0.009749099,-0.007563448355843623,743,0.2,0.053385416666666664,15.138960520426432,-0.01226859726011753,800.0,0.4126984126984127,1842.8469525396827,0.2857142857142857,800.0,0.8206547619047618,0.2857142857142857,1842.8469525396827,0.31746031746031744
1228,101204,41,200,0.08206116408109665,-5.9908833503723145,0.017226508259773253,1e-05,0.016514832,-0.00876323487609625,746,0.2,0.0921875,15.138936424255371,-0.004354300908744335,800.0,0.40625,1842.8406965781248,0.28125,800.0,0.82212890625,0.28125,1842.8406965781248,0.3125
1228,101460,41,201,0.08206122368574142,-0.5704002380371094,0.02960897920032342,1e-05,0.015268895,-0.012224158272147179,749,0.2,0.09895833333333333,15.138919671376547,-0.0017946511507034302,800.0,0.40625,1842.8406965781248,0.28125,800.0,0.82212890625,0.28125,1842.8406965781248,0.3125
1228,101716,42,202,0.08206099271774292,-2.225782632827759,0.1939982349673907,1e-05,0.008943937,-0.021060898900032043,752,0.2,0.05078125,15.138931592305502,0.055844686925411224,800.0,0.40625,1842.8406965781248,0.28125,800.0,0.82212890625,0.28125,1842.8406965781248,0.3125
1228,101972,42,203,0.0820607990026474,-0.4168698787689209,0.17565179616212845,1e-05,0.015181828,-0.020087962426866095,755,0.2,0.08984375,15.138973236083984,0.05623685568571091,800.0,0.40625,1842.8406965781248,0.28125,800.0,0.82212890625,0.28125,1842.8406965781248,0.3125
1228,102228,42,204,0.08206106722354889,-0.8872700929641724,0.15187484274307886,1e-05,0.007963649,-0.015875347424298525,758,0.2,0.036458333333333336,15.138980706532797,0.031162984669208527,800.0,0.4153846153846154,1824.8468841076922,0.27692307692307694,800.0,0.8124230769230769,0.27692307692307694,1824.8468841076922,0.3230769230769231
1228,102484,42,205,0.08206140995025635,-0.11959230899810791,0.05126154484848181,1e-05,0.009111538,-0.012763676854471365,761,0.2,0.053385416666666664,15.13891569773356,0.009377565234899521,800.0,0.4153846153846154,1824.8468841076922,0.27692307692307694,800.0,0.8124230769230769,0.27692307692307694,1824.8468841076922,0.3230769230769231
1228,102740,42,206,0.0820615217089653,-14.80074405670166,0.012556499242782593,1e-05,0.016347382,-0.009875978343188763,764,0.2,0.0703125,15.138875770568848,-0.01860532909631729,800.0,0.4153846153846154,1824.8468841076922,0.27692307692307694,800.0,0.8124230769230769,0.27692307692307694,1824.8468841076922,0.3230769230769231
1228,102996,43,207,0.0820615366101265,-21.203643798828125,0.014334492199122906,1e-05,0.015375305,-0.00865061990916729,767,0.2,0.0796875,15.138863945007325,-0.01832123100757599,800.0,0.4090909090909091,1824.891991151515,0.2727272727272727,800.0,0.8146969696969696,0.2727272727272727,1824.891991151515,0.3181818181818182
1228,103252,43,208,0.08206149190664291,-21.011110305786133,0.03270412385463715,1e-05,0.020864714,-0.009166906215250492,770,0.2,0.121875,15.138865661621093,-0.006716771051287651,800.0,0.4090909090909091,1824.891991151515,0.2727272727272727,800.0,0.8146969696969696,0.2727272727272727,1824.891991151515,0.3181818181818182
1228,103508,43,209,0.08206145465373993,-21.559757232666016,0.012023431016132236,1e-05,0.011639158,-0.011373097077012062,772,0.2,0.0859375,15.138874530792236,-0.012057534419000149,800.0,0.4090909090909091,1824.891991151515,0.2727272727272727,800.0,0.8146969696969696,0.2727272727272727,1824.891991151515,0.3181818181818182
1227,103764,43,210,0.08206148445606232,-18.178823471069336,0.009813618147745728,1e-05,0.012393741,-0.0048804618418216705,774,0.2,0.091796875,15.138874053955078,-0.011146243661642075,800.0,0.40298507462686567,1824.6729769850745,0.2835820895522388,800.0,0.8170335820895521,0.2835820895522388,1824.6729769850745,0.31343283582089554
1227,104020,43,211,0.0820615366101265,0.18826264142990112,0.04889004429181417,1e-05,0.017126907,-0.0202768271168073,777,0.2,0.10807291666666667,15.138867696126303,-0.015073657035827637,800.0,0.40298507462686567,1824.6729769850745,0.2835820895522388,800.0,0.8170335820895521,0.2835820895522388,1824.6729769850745,0.31343283582089554
1227,104276,44,212,0.08206180483102798,-4.4933648109436035,0.008620176278054715,1e-05,0.020118903,-0.012941307574510574,780,0.2,0.1203125,15.138844871520996,-0.0208987295627594,800.0,0.40298507462686567,1824.6729769850745,0.2835820895522388,800.0,0.8170335820895521,0.2835820895522388,1824.6729769850745,0.31343283582089554
1227,104532,44,213,0.08206195384263992,-1.8106276988983154,0.011216877400875092,1e-05,0.017795984,-0.0019041336141526698,783,0.2,0.1078125,15.13880271911621,-0.0016394858248531818,800.0,0.4117647058823529,1823.248276602941,0.27941176470588236,800.0,0.8180514705882351,0.27941176470588236,1823.248276602941,0.3235294117647059
1227,104788,44,214,0.08206190168857574,-9.734062194824219,0.035791621543467045,1e-05,0.013593807,-0.005226828313122193,786,0.2,0.09114583333333333,15.138794740041098,-0.013972960412502289,800.0,0.4117647058823529,1823.248276602941,0.27941176470588236,800.0,0.8180514705882351,0.27941176470588236,1823.248276602941,0.3235294117647059
1227,105044,44,215,0.08206178992986679,-0.25456106662750244,0.06688418611884117,1e-05,0.015646432,-0.011195371299982071,789,0.2,0.0875,15.138810539245606,0.01204921305179596,800.0,0.4117647058823529,1823.248276602941,0.27941176470588236,800.0,0.8180514705882351,0.27941176470588236,1823.248276602941,0.3235294117647059
1227,105300,45,216,0.08206170797348022,-11.074149131774902,0.010245616547763348,1e-05,0.023855953,-0.008766333013772965,792,0.2,0.1375,15.138826942443847,0.006792802829295397,800.0,0.4057971014492754,1822.3961909999998,0.2753623188405797,800.0,0.8188043478260868,0.2753623188405797,1822.3961909999998,0.3188405797101449
1227,105556,45,217,0.0820617750287056,0.401780903339386,0.181389719247818,1e-05,0.027396264,-0.02132672965526581,795,0.2,0.134375,15.138830947875977,0.0577644482254982,800.0,0.4057971014492754,1822.3961909999998,0.2753623188405797,800.0,0.8188043478260868,0.2753623188405797,1822.3961909999998,0.3188405797101449
1227,105812,45,218,0.08206182718276978,-2.4757626056671143,0.18654140084981918,1e-05,0.014683213,-0.023360648192465305,798,0.2,0.09635416666666667,15.138818264007568,0.0519021600484848,800.0,0.4057971014492754,1822.3961909999998,0.2753623188405797,800.0,0.8188043478260868,0.2753623188405797,1822.3961909999998,0.3188405797101449
1226,106068,45,219,0.0820617824792862,-1.5776927471160889,0.15941662341356277,1e-05,0.008006915,-0.017985397018492222,801,0.2,0.046875,15.138817628224691,0.030585315078496933,800.0,0.4142857142857143,1802.6221670999998,0.2714285714285714,800.0,0.8083214285714284,0.2714285714285714,1802.6221670999998,0.3142857142857143
1226,106324,45,220,0.08206158876419067,-2.3207716941833496,0.24370010942220688,1e-05,0.014914705,-0.02867765414218108,804,0.2,0.078125,15.138834794362387,0.06758340448141098,800.0,0.4142857142857143,1802.6221670999998,0.2714285714285714,800.0,0.8083214285714284,0.2714285714285714,1802.6221670999998,0.3142857142857143
1226,106580,46,221,0.08206101506948471,0.5187999606132507,0.03187647958596548,1e-05,0.013213124,-0.01885803819944461,807,0.2,0.078125,15.13889249165853,-0.010459487326443195,800.0,0.4142857142857143,1802.6221670999998,0.2714285714285714,800.0,0.8083214285714284,0.2714285714285714,1802.6221670999998,0.3142857142857143
1224,106836,46,222,0.08206062763929367,-7.41133975982666,0.011970234848558903,1e-05,0.018218623,-0.014174272492527961,810,0.2,0.08125,15.138988304138184,-0.02658604085445404,800.0,0.4225352112676056,1801.7573269859154,0.28169014084507044,800.0,0.8091021126760563,0.28169014084507044,1801.7573269859154,0.323943661971831
1224,107092,46,223,0.08206018060445786,0.43667101860046387,0.05114857293665409,1e-05,0.017226389,-0.012979531815896431,813,0.2,0.11197916666666667,15.139055252075195,-0.008384520187973976,800.0,0.4225352112676056,1801.7573269859154,0.28169014084507044,800.0,0.8091021126760563,0.28169014084507044,1801.7573269859154,0.323943661971831
1224,107348,46,224,0.08205974102020264,0.20206379890441895,0.16859749456246695,1e-05,0.014354408,-0.018407766241580248,816,0.2,0.08333333333333333,15.139132340749105,0.025047428905963898,800.0,0.4225352112676056,1801.7573269859154,0.28169014084507044,800.0,0.8091021126760563,0.28169014084507044,1801.7573269859154,0.323943661971831
1224,107604,47,225,0.08205937594175339,-0.3556150197982788,0.1574630836645762,1e-05,0.013888749,-0.012459675781428814,819,0.2,0.07291666666666667,15.139201164245605,0.03767716884613037,800.0,0.4305555555555556,1791.4051745138886,0.2777777777777778,800.0,0.8040798611111111,0.2777777777777778,1791.4051745138886,0.3333333333333333
1224,107860,47,226,0.08205889165401459,-6.961568355560303,0.016078078498442967,1e-05,0.013247183,-0.0068889278918504715,822,0.2,0.08854166666666667,15.13926919301351,-0.0017282087355852127,800.0,0.4305555555555556,1791.4051745138886,0.2777777777777778,800.0,0.8040798611111111,0.2777777777777778,1791.4051745138886,0.3333333333333333
1224,108116,47,227,0.08205793797969818,-1.3097374439239502,0.0538680087774992,1e-05,0.011371093,-0.013069058147569498,825,0.2,0.059895833333333336,15.139377435048422,0.0013331491500139236,800.0,0.4305555555555556,1791.4051745138886,0.2777777777777778,800.0,0.8040798611111111,0.2777777777777778,1791.4051745138886,0.3333333333333333
1224,108372,47,228,0.0820571780204773,-0.7605156898498535,0.02877652458846569,1e-05,0.008534034,-0.011535294198741516,828,0.2,0.045572916666666664,15.139538606007894,-0.0094989612698555,800.0,0.4305555555555556,1791.4051745138886,0.2777777777777778,800.0,0.8040798611111111,0.2777777777777778,1791.4051745138886,0.3333333333333333
1224,108628,47,229,0.08205670118331909,-8.759819030761719,0.008161174676691493,1e-05,0.010616068,-0.004025499957303206,831,0.2,0.06380208333333333,15.139646371205648,0.006920156069099903,800.0,0.4246575342465753,1791.5364986849313,0.273972602739726,800.0,0.805,0.273972602739726,1791.5364986849313,0.3287671232876712
1224,108884,48,230,0.08205657452344894,0.2769756317138672,0.11823482563098271,1e-05,0.012336555,-0.021592687039325636,834,0.2,0.052083333333333336,15.139702161153158,0.018692005425691605,800.0,0.4246575342465753,1791.5364986849313,0.273972602739726,800.0,0.805,0.273972602739726,1791.5364986849313,0.3287671232876712
1224,109140,48,231,0.08205647021532059,-8.83763313293457,0.00580613703156511,1e-05,0.01658129,-0.008519733014206091,837,0.2,0.1015625,15.13972028096517,-0.03554334491491318,800.0,0.4246575342465753,1791.5364986849313,0.273972602739726,800.0,0.805,0.273972602739726,1791.5364986849313,0.3287671232876712
1224,109396,48,232,0.08205640316009521,0.4852655529975891,0.08409673348069191,1e-05,0.016659873,-0.018063699671377737,840,0.2,0.10546875,15.139734427134195,-0.015608102083206177,800.0,0.43243243243243246,1787.2175642432433,0.2702702702702703,800.0,0.8044425675675676,0.2702702702702703,1787.2175642432433,0.33783783783783783
1224,109652,48,233,0.08205639570951462,0.1881048083305359,0.15523422757784525,1e-05,0.007808055,-0.019783887701729935,843,0.2,0.044270833333333336,15.139740943908691,0.02631048485636711,800.0,0.43243243243243246,1787.2175642432433,0.2702702702702703,800.0,0.8044425675675676,0.2702702702702703,1787.2175642432433,0.33783783783783783
1224,109908,48,234,0.08205636590719223,0.32502222061157227,0.10906380166610082,1e-05,0.008003928,-0.01536338652173678,846,0.2,0.040364583333333336,15.13974142074585,0.010376159101724625,800.0,0.43243243243243246,1787.2175642432433,0.2702702702702703,800.0,0.8044425675675676,0.2702702702702703,1787.2175642432433,0.33783783783783783
1223,110164,49,235,0.08205624669790268,-5.774632930755615,0.009490423370152712,1e-05,0.008928874,-0.011129882807532946,849,0.2,0.040364583333333336,15.13974905014038,-0.023335838690400124,800.0,0.44,1782.6493245333331,0.26666666666666666,800.0,0.8025500000000001,0.26666666666666666,1782.6493245333331,0.3466666666666667
1224,110420,49,236,0.08205603063106537,0.5481072068214417,0.22026352336009344,1e-05,0.018295689,-0.022232303395867348,852,0.2,0.10286458333333333,15.139782746632894,0.044496264308691025,800.0,0.44,1782.6493245333331,0.26666666666666666,800.0,0.8025500000000001,0.26666666666666666,1782.6493245333331,0.3466666666666667
1224,110676,49,237,0.08205588907003403,-1.142615556716919,0.22305270532766977,1e-05,0.007238235,-0.01919361436739564,855,0.2,0.026041666666666668,15.13981548945109,0.039265744388103485,800.0,0.44,1782.6493245333331,0.26666666666666666,800.0,0.8025500000000001,0.26666666666666666,1782.6493245333331,0.3466666666666667
1224,110932,49,238,0.08205590397119522,-2.4185595512390137,0.21840174744526544,1e-05,0.011271349,-0.022305093239992857,858,0.2,0.06640625,15.139827251434326,0.05318060517311096,800.0,0.4473684210526316,1762.7945664473682,0.2631578947368421,800.0,0.7925000000000001,0.2631578947368421,1762.7945664473682,0.34210526315789475
1224,111188,49,239,0.08205567300319672,0.3769843578338623,0.11799092342456181,1e-05,0.0071487287,-0.01333799616744121,861,0.2,0.04296875,15.139837423960367,0.0246823038905859,800.0,0.4473684210526316,1762.7945664473682,0.2631578947368421,800.0,0.7925000000000001,0.2631578947368421,1762.7945664473682,0.34210526315789475
1224,111444,50,240,0.08205573260784149,-6.782617568969727,0.021852646395564078,1e-05,0.025178434,-0.0095903642475605,864,0.2,0.103125,15.139863777160645,-0.008274893276393414,800.0,0.4473684210526316,1762.7945664473682,0.2631578947368421,800.0,0.7925000000000001,0.2631578947368421,1762.7945664473682,0.34210526315789475
1224,111700,50,241,0.08205585181713104,-8.26379680633545,0.0210523617764314,1e-05,0.016302198,0.0001287603129943212,866,0.2,0.12239583333333333,15.13984457651774,-0.001965101808309555,800.0,0.45454545454545453,1740.2738586363637,0.2597402597402597,800.0,0.7826623376623376,0.2597402597402597,1740.2738586363637,0.33766233766233766
1224,111956,50,242,0.08205603063106537,0.16856151819229126,0.16564130783081055,1e-05,0.01279239,-0.015988814644515514,869,0.2,0.07421875,15.139814535776773,0.039973385632038116,800.0,0.45454545454545453,1740.2738586363637,0.2597402597402597,800.0,0.7826623376623376,0.2597402597402597,1740.2738586363637,0.33766233766233766
1224,112212,50,243,0.08205584436655045,-0.16328489780426025,0.14453931773702303,1e-05,0.010477793,-0.019148197102670867,872,0.2,0.07552083333333333,15.13981294631958,0.02187497168779373,800.0,0.45454545454545453,1740.2738586363637,0.2597402597402597,800.0,0.7826623376623376,0.2597402597402597,1740.2738586363637,0.33766233766233766
1223,112468,51,244,0.08205557614564896,-26.609949111938477,0.010641899332404137,1e-05,0.017938994,-0.007255580276250839,875,0.2,0.096875,15.139855003356933,-0.013181345537304878,800.0,0.46153846153846156,1739.5194818333334,0.2564102564102564,800.0,0.7831410256410256,0.2564102564102564,1739.5194818333334,0.34615384615384615
1223,112724,51,245,0.08205529302358627,0.732869029045105,0.03037358820438385,1e-05,0.019757591,-0.01910310968135794,878,0.2,0.1171875,15.139904975891113,-0.024007540196180344,800.0,0.46153846153846156,1739.5194818333334,0.2564102564102564,800.0,0.7831410256410256,0.2564102564102564,1739.5194818333334,0.34615384615384615
1223,112980,51,246,0.08205487579107285,-1.2058260440826416,0.04032807114223639,1e-05,0.012576772,-0.013390307004253069,881,0.2,0.08072916666666667,15.139960289001465,-0.015826955437660217,800.0,0.46153846153846156,1739.5194818333334,0.2564102564102564,800.0,0.7831410256410256,0.2564102564102564,1739.5194818333334,0.34615384615384615
1223,113236,51,247,0.0820545181632042,-4.197343826293945,0.011323476986338695,1e-05,0.014614084,-0.004877277494718631,884,0.2,0.09765625,15.140034039815268,-0.017360812053084373,800.0,0.46835443037974683,1739.2930528987342,0.25316455696202533,800.0,0.7837658227848102,0.25316455696202533,1739.2930528987342,0.35443037974683544
1223,113492,51,248,0.08205433934926987,-44.60407638549805,0.04235957438747088,1e-05,0.008568991,-0.006860663493474324,887,0.2,0.052083333333333336,15.140073776245117,-0.0021040067076683044,800.0,0.46835443037974683,1739.2930528987342,0.25316455696202533,800.0,0.7837658227848102,0.25316455696202533,1739.2930528987342,0.35443037974683544
1223,113748,52,249,0.08205454051494598,-18.99222755432129,0.007630199892446399,1e-05,0.011839164,-0.005136814123640458,890,0.2,0.07552083333333333,15.140083948771158,-0.01956399343907833,800.0,0.46835443037974683,1739.2930528987342,0.25316455696202533,800.0,0.7837658227848102,0.25316455696202533,1739.2930528987342,0.35443037974683544
1223,114004,52,250,0.0820547565817833,-11.85277271270752,0.006432662624865771,1e-05,0.021067925,-0.009810889884829522,893,0.2,0.0828125,15.1400390625,-0.022922296077013016,800.0,0.4625,1740.7336459125,0.25,800.0,0.7859375000000001,0.25,1740.7336459125,0.35
1223,114260,52,251,0.08205469697713852,-7.675701141357422,0.008988307788968086,1e-05,0.011205941,-0.005505757872015238,895,0.2,0.064453125,15.140022993087769,0.017697934061288834,800.0,0.4625,1740.7336459125,0.25,800.0,0.7859375000000001,0.25,1740.7336459125,0.35
1223,114516,52,252,0.08205445110797882,-16.285673141479492,0.03669683029875159,1e-05,0.014762272,-0.006640619365498424,897,0.2,0.123046875,15.140052080154419,0.018570933490991592,800.0,0.4625,1740.7336459125,0.25,800.0,0.7859375000000001,0.25,1740.7336459125,0.35
1223,114772,52,253,0.0820542499423027,0.4479825496673584,0.018296992033720018,1e-05,0.018391332,0.0008331252727657556,900,0.2,0.11875,15.140091514587402,0.010495069436728954,800.0,0.4625,1740.7336459125,0.25,800.0,0.7859375000000001,0.25,1740.7336459125,0.35
1222,115028,53,254,0.08205437660217285,-16.77787208557129,0.00993970651179552,1e-05,0.019602641,-0.012398641556501389,903,0.2,0.125,15.140100479125977,-0.01553963404148817,800.0,0.4567901234567901,1741.8499859012343,0.25925925925925924,800.0,0.7874845679012347,0.25925925925925924,1741.8499859012343,0.345679012345679
1222,115284,53,255,0.08205471187829971,0.6583911776542664,0.052592566857735314,1e-05,0.013334227,-0.015140148811042309,906,0.2,0.06380208333333333,15.140055338541666,0.007801588624715805,800.0,0.4567901234567901,1741.8499859012343,0.25925925925925924,800.0,0.7874845679012347,0.25925925925925924,1741.8499859012343,0.345679012345679
1222,115540,53,256,0.08205466717481613,-13.01966667175293,0.005035014636814594,1e-05,0.016632449,-0.008246235363185406,909,0.2,0.0765625,15.140028381347657,-0.021641433238983154,800.0,0.4567901234567901,1741.8499859012343,0.25925925925925924,800.0,0.7874845679012347,0.25925925925925924,1741.8499859012343,0.345679012345679
1221,115796,53,257,0.08205480128526688,-7.7923583984375,0.005685055395588279,1e-05,0.010099532,-0.009017909256120523,912,0.2,0.059895833333333336,15.14003880818685,-0.020578233525156975,800.0,0.4634146341463415,1742.1815761951218,0.2682926829268293,800.0,0.7889786585365854,0.2682926829268293,1742.1815761951218,0.35365853658536583
1221,116052,54,258,0.08205486834049225,0.26125216484069824,0.07187378872185946,1e-05,0.012733178,-0.016165324952453375,914,0.2,0.087890625,15.140005350112915,0.0012793466448783875,800.0,0.4634146341463415,1742.1815761951218,0.2682926829268293,800.0,0.7889786585365854,0.2682926829268293,1742.1815761951218,0.35365853658536583
1222,116308,54,259,0.08205489814281464,-25.760038375854492,0.0068375239148736,1e-05,0.020001655,-0.0023642322048544884,917,0.2,0.1015625,15.139998245239259,-0.002191076520830393,800.0,0.4634146341463415,1742.1815761951218,0.2682926829268293,800.0,0.7889786585365854,0.2682926829268293,1742.1815761951218,0.35365853658536583
1221,116564,54,260,0.08205504715442657,-8.296185493469238,0.006136342650279403,1e-05,0.009489794,-0.008034092684586843,920,0.2,0.05078125,15.139988581339518,-0.010879600420594215,800.0,0.4578313253012048,1742.1997482650602,0.27710843373493976,800.0,0.7903012048192772,0.27710843373493976,1742.1997482650602,0.3493975903614458
1221,116820,54,261,0.08205515146255493,-0.12594294548034668,0.29483602692683536,1e-05,0.010632813,-0.023338068121423323,923,0.2,0.053385416666666664,15.13996156056722,0.08639451861381531,800.0,0.4578313253012048,1742.1997482650602,0.27710843373493976,800.0,0.7903012048192772,0.27710843373493976,1742.1997482650602,0.3493975903614458
1221,117076,54,262,0.08205509185791016,0.48619747161865234,0.11307965715726216,1e-05,0.012343635,-0.02290395802507798,926,0.2,0.055989583333333336,15.13995615641276,0.00650806725025177,800.0,0.4578313253012048,1742.1997482650602,0.27710843373493976,800.0,0.7903012048192772,0.27710843373493976,1742.1997482650602,0.3493975903614458
1221,117332,55,263,0.08205524832010269,-6.6739373207092285,0.008454072661697865,1e-05,0.01743374,-0.010202906839549542,929,0.2,0.0890625,15.13995590209961,-0.02064567245543003,800.0,0.4642857142857143,1738.7161271666666,0.2857142857142857,800.0,0.7890773809523811,0.2857142857142857,1738.7161271666666,0.35714285714285715
1221,117588,55,264,0.08205531537532806,0.5141248106956482,0.1277919722100099,1e-05,0.010466533,-0.021725116297602654,932,0.2,0.055989583333333336,15.139922777811686,0.025441400706768036,800.0,0.4642857142857143,1738.7161271666666,0.2857142857142857,800.0,0.7890773809523811,0.2857142857142857,1738.7161271666666,0.35714285714285715
1221,117844,55,265,0.08205483853816986,-0.7364466190338135,0.010743422588954369,1e-05,0.009469311,-0.010251848492771387,935,0.2,0.052083333333333336,15.139951864878336,-0.026256665587425232,800.0,0.4642857142857143,1738.7161271666666,0.2857142857142857,800.0,0.7890773809523811,0.2857142857142857,1738.7161271666666,0.35714285714285715
1221,118100,55,266,0.08205465227365494,-5.791679382324219,0.007675437070429325,1e-05,0.01993956,-0.005318662151694298,938,0.2,0.103125,15.14002742767334,-0.008174117654561996,800.0,0.47058823529411764,1737.9250672352941,0.2823529411764706,800.0,0.7898088235294118,0.2823529411764706,1737.9250672352941,0.36470588235294116
1221,118356,55,267,0.08205462247133255,0.7979474067687988,0.05361192524433136,1e-05,0.015241146,-0.015803145617246626,941,0.2,0.05625,15.140040588378906,-0.00680001825094223,800.0,0.47058823529411764,1737.9250672352941,0.2823529411764706,800.0,0.7898088235294118,0.2823529411764706,1737.9250672352941,0.36470588235294116
1221,118612,56,268,0.08205457031726837,-0.25361835956573486,0.14466168358922005,1e-05,0.012181977,-0.016262680292129517,944,0.2,0.06770833333333333,15.140049934387207,0.047585126012563705,800.0,0.47058823529411764,1737.9250672352941,0.2823529411764706,800.0,0.7898088235294118,0.2823529411764706,1737.9250672352941,0.36470588235294116
1221,118868,56,269,0.08205454051494598,-9.469025611877441,0.00660116442789634,1e-05,0.009313744,-0.0066616174299269915,947,0.2,0.04296875,15.140053908030191,-0.010165094397962093,800.0,0.47674418604651164,1736.6231559069768,0.27906976744186046,800.0,0.7896220930232559,0.27906976744186046,1736.6231559069768,0.37209302325581395
1221,119124,56,270,0.08205430209636688,-11.619684219360352,0.04775856978570422,1e-05,0.0168625,-0.006526483378062646,950,0.2,0.11197916666666667,15.140075842539469,0.008464813232421875,800.0,0.47674418604651164,1736.6231559069768,0.27906976744186046,800.0,0.7896220930232559,0.27906976744186046,1736.6231559069768,0.37209302325581395
1221,119380,56,271,0.08205415308475494,-11.24133014678955,0.009448246099054813,1e-05,0.011406473,-0.005170794824759166,953,0.2,0.06901041666666667,15.140112717946371,-0.009087027981877327,800.0,0.47674418604651164,1736.6231559069768,0.27906976744186046,800.0,0.7896220930232559,0.27906976744186046,1736.6231559069768,0.37209302325581395
1221,119636,57,272,0.08205405622720718,-11.654119491577148,0.005537658852214615,1e-05,0.0134807965,-0.0042429569487770396,956,0.2,0.078125,15.140130360921225,-0.00912264920771122,800.0,0.47126436781609193,1737.3311575977011,0.27586206896551724,800.0,0.7915229885057472,0.27586206896551724,1737.3311575977011,0.367816091954023
1221,119892,57,273,0.08205357939004898,-0.6023455858230591,0.08897113551696141,1e-05,0.007873094,-0.016635564854368567,959,0.2,0.0390625,15.14016596476237,0.01980649307370186,800.0,0.47126436781609193,1737.3311575977011,0.27586206896551724,800.0,0.7915229885057472,0.27586206896551724,1737.3311575977011,0.367816091954023
1221,120148,57,274,0.08205284178256989,-7.261054992675781,0.009152284357696772,1e-05,0.0069923764,-0.005953030039866765,962,0.2,0.032552083333333336,15.140273253122965,-0.013830319046974182,800.0,0.47126436781609193,1737.3311575977011,0.27586206896551724,800.0,0.7915229885057472,0.27586206896551724,1737.3311575977011,0.367816091954023
1221,120404,57,275,0.08205240964889526,-6.192625999450684,0.01077494639903307,1e-05,0.016763005,-0.007454556599259377,965,0.2,0.0890625,15.140383911132812,-0.016227304935455322,800.0,0.4772727272727273,1737.5407105454544,0.2727272727272727,800.0,0.7928551136363637,0.2727272727272727,1737.5407105454544,0.375
1221,120660,57,276,0.08205217868089676,-6.401961803436279,0.007405919767916202,1e-05,0.018908408,-0.006768167391419411,968,0.2,0.1140625,15.1404447555542,-0.007908121682703495,800.0,0.4772727272727273,1737.5407105454544,0.2727272727272727,800.0,0.7928551136363637,0.2727272727272727,1737.5407105454544,0.375
1221,120916,58,277,0.08205200731754303,-27.439624786376953,0.04471625077227751,1e-05,0.015792914,-0.007231431857993205,971,0.2,0.11067708333333333,15.14047368367513,6.097555160522461e-05,800.0,0.4772727272727273,1737.5407105454544,0.2727272727272727,800.0,0.7928551136363637,0.2727272727272727,1737.5407105454544,0.375
1220,121172,58,278,0.08205188065767288,-26.904525756835938,0.0073269451192269726,1e-05,0.014093992,-0.007337463709215323,974,0.2,0.07682291666666667,15.140501499176025,-0.017920151352882385,800.0,0.4772727272727273,1737.5407105454544,0.2727272727272727,800.0,0.7928551136363637,0.2727272727272727,1737.5407105454544,0.375
1221,121428,58,279,0.08205217868089676,-10.37051010131836,0.006677276998137434,1e-05,0.014566586,-0.003741362364962697,977,0.2,0.1015625,15.140491644541422,0.004134742543101311,800.0,0.47191011235955055,1737.3240898089887,0.2696629213483146,800.0,0.7945786516853934,0.2696629213483146,1737.3240898089887,0.3707865168539326
1221,121684,58,280,0.08205267041921616,0.30798089504241943,0.22001089652379355,1e-05,0.013859896,-0.015633924553791683,980,0.2,0.08854166666666667,15.140421390533447,0.06675843149423599,800.0,0.47191011235955055,1737.3240898089887,0.2696629213483146,800.0,0.7945786516853934,0.2696629213483146,1737.3240898089887,0.3707865168539326
1221,121940,58,281,0.08205311000347137,0.35318702459335327,0.01611500373110175,1e-05,0.017458402,-0.012652161531150341,983,0.2,0.10546875,15.140336195627848,-0.025585994124412537,800.0,0.47191011235955055,1737.3240898089887,0.2696629213483146,800.0,0.7945786516853934,0.2696629213483146,1737.3240898089887,0.3707865168539326
1221,122196,59,282,0.08205320686101913,-17.873262405395508,0.00573607231490314,1e-05,0.017812362,-0.00857960432767868,986,0.2,0.10286458333333333,15.140291213989258,0.0005848195869475603,800.0,0.4777777777777778,1734.2865896999997,0.2777777777777778,800.0,0.7947777777777779,0.2777777777777778,1734.2865896999997,0.37777777777777777
1221,122452,59,283,0.0820532813668251,-22.942142486572266,0.029548201803117992,1e-05,0.01768307,-0.00981057770550251,989,0.2,0.1015625,15.140277099609374,-0.019663581624627113,800.0,0.4777777777777778,1734.2865896999997,0.2777777777777778,800.0,0.7947777777777779,0.2777777777777778,1734.2865896999997,0.37777777777777777
1221,122708,59,284,0.08205349743366241,-7.555314064025879,0.005455998160565893,1e-05,0.01357987,0.0011647660285234451,992,0.2,0.09244791666666667,15.140255451202393,0.00513725820928812,800.0,0.4777777777777778,1734.2865896999997,0.2777777777777778,800.0,0.7947777777777779,0.2777777777777778,1734.2865896999997,0.37777777777777777
1220,122964,59,285,0.08205383270978928,-6.371410846710205,0.009146059211343528,1e-05,0.016311496,-0.00893578641116619,995,0.2,0.0796875,15.140210151672363,-0.016345806419849396,800.0,0.4725274725274725,1734.235345098901,0.27472527472527475,800.0,0.7964835164835167,0.27472527472527475,1734.235345098901,0.37362637362637363
1220,123220,59,286,0.08205418288707733,0.6976683139801025,0.07127282644311587,1e-05,0.014926995,-0.014832629822194576,998,0.2,0.09765625,15.1401473681132,0.019124560058116913,800.0,0.4725274725274725,1734.235345098901,0.27472527472527475,800.0,0.7964835164835167,0.27472527472527475,1734.235345098901,0.37362637362637363
1221,123476,60,287,0.08205439150333405,-3.3991622924804688,0.009728725689152876,1e-05,0.016893411,-0.01687573455274105,1001,0.2,0.08984375,15.140099684397379,-0.02111276052892208,800.0,0.4725274725274725,1734.235345098901,0.27472527472527475,800.0,0.7964835164835167,0.27472527472527475,1734.235345098901,0.37362637362637363
1220,123732,60,288,0.08205441385507584,0.5911107659339905,0.1293674906094869,1e-05,0.014652093,-0.019256269248823326,1004,0.2,0.11197916666666667,15.140076955159506,0.018008138984441757,800.0,0.4782608695652174,1729.647727902174,0.2717391304347826,800.0,0.7948233695652176,0.2717391304347826,1729.647727902174,0.3695652173913043
1220,123988,60,289,0.08205417543649673,0.2817840576171875,0.10707144439220428,1e-05,0.008444065,-0.010827157025535902,1007,0.2,0.033854166666666664,15.140096028645834,0.04427342861890793,800.0,0.4782608695652174,1729.647727902174,0.2717391304347826,800.0,0.7948233695652176,0.2717391304347826,1729.647727902174,0.3695652173913043
1221,124244,60,290,0.08205416053533554,-3.6992812156677246,0.006452644057571888,1e-05,0.015548695,-0.008197086490690708,1010,0.2,0.08125,15.14012279510498,-0.008611684665083885,800.0,0.4782608695652174,1729.647727902174,0.2717391304347826,800.0,0.7948233695652176,0.2717391304347826,1729.647727902174,0.3695652173913043
1221,124500,61,291,0.08205415308475494,-17.774372100830078,0.00591101348400116,1e-05,0.023053903,-0.009893856570124626,1013,0.2,0.140625,15.140120506286621,-0.015808582305908203,800.0,0.4731182795698925,1729.9128941612903,0.27956989247311825,800.0,0.7967741935483872,0.27956989247311825,1729.9128941612903,0.3655913978494624
1221,124756,61,292,0.08205430209636688,-17.118499755859375,0.03637085966765881,1e-05,0.015329298,-0.004866721108555794,1016,0.2,0.0890625,15.14011173248291,0.0022610612213611603,800.0,0.4731182795698925,1729.9128941612903,0.27956989247311825,800.0,0.7967741935483872,0.27956989247311825,1729.9128941612903,0.3655913978494624
1221,125012,61,293,0.08205407857894897,-12.278450012207031,0.004066821342955033,1e-05,0.014246642,-0.009348127680520216,1019,0.2,0.08854166666666667,15.14011255900065,-0.03462807834148407,800.0,0.4731182795698925,1729.9128941612903,0.27956989247311825,800.0,0.7967741935483872,0.27956989247311825,1729.9128941612903,0.3655913978494624
1221,125268,61,294,0.08205358684062958,-13.652852058410645,0.004966674217333396,1e-05,0.0132976025,-0.006399329751729965,1022,0.2,0.07421875,15.14017629623413,-0.011552718468010426,800.0,0.46808510638297873,1730.1416142234043,0.2765957446808511,800.0,0.7985638297872342,0.2765957446808511,1730.1416142234043,0.3617021276595745
1221,125524,61,295,0.08205284923315048,-19.768613815307617,0.04229323255519072,1e-05,0.009653596,-0.0035755750723183155,1025,0.2,0.048177083333333336,15.140270868937174,0.0181584395468235,800.0,0.46808510638297873,1730.1416142234043,0.2765957446808511,800.0,0.7985638297872342,0.2765957446808511,1730.1416142234043,0.3617021276595745
1221,125780,62,296,0.08205252140760422,-14.823402404785156,0.005692733824253083,1e-05,0.015271702,-0.005298016220331192,1028,0.2,0.078125,15.140375709533691,-0.008492322638630867,800.0,0.46808510638297873,1730.1416142234043,0.2765957446808511,800.0,0.7985638297872342,0.2765957446808511,1730.1416142234043,0.3617021276595745
1221,126036,62,297,0.08205211162567139,-15.741308212280273,0.006795744101206462,1e-05,0.01561005,-0.005737729681034883,1031,0.2,0.09895833333333333,15.140435377756754,-0.015307441353797913,800.0,0.4631578947368421,1730.697521157895,0.2736842105263158,800.0,0.8002236842105264,0.2736842105263158,1730.697521157895,0.35789473684210527
1221,126292,62,298,0.08205121010541916,-23.084758758544922,0.03905480564571917,1e-05,0.012011871,-0.011395984950164953,1034,0.2,0.07421875,15.140530745188395,0.0036534834653139114,800.0,0.4631578947368421,1730.697521157895,0.2736842105263158,800.0,0.8002236842105264,0.2736842105263158,1730.697521157895,0.35789473684210527
1220,126548,62,299,0.08205068111419678,-5.39816951751709,0.005283561768010259,1e-05,0.012603383,-0.007280664363255103,1037,0.2,0.06640625,15.140678882598877,-0.014511638320982456,800.0,0.4631578947368421,1730.697521157895,0.2736842105263158,800.0,0.8002236842105264,0.2736842105263158,1730.697521157895,0.35789473684210527
1221,126804,62,300,0.08205031603574753,-8.443004608154297,0.005127414874732494,1e-05,0.02034553,-0.004735905304551124,1040,0.2,0.1234375,15.140746688842773,0.006420435383915901,800.0,0.4583333333333333,1730.79080196875,0.2708333333333333,800.0,0.8019661458333333,0.2708333333333333,1730.79080196875,0.3541666666666667
1221,127060,63,301,0.08205000311136246,-9.762115478515625,0.004351204494014382,1e-05,0.012861688,-0.002721974470963081,1043,0.2,0.08854166666666667,15.140808582305908,-0.003933421801775694,800.0,0.4583333333333333,1730.79080196875,0.2708333333333333,800.0,0.8019661458333333,0.2708333333333333,1730.79080196875,0.3541666666666667
1221,127316,63,302,0.08204980939626694,0.28804153203964233,0.12242142856121063,1e-05,0.01013723,-0.008731005402902762,1046,0.2,0.06770833333333333,15.140844662984213,0.04184488579630852,800.0,0.4583333333333333,1730.79080196875,0.2708333333333333,800.0,0.8019661458333333,0.2708333333333333,1730.79080196875,0.3541666666666667
1221,127572,63,303,0.08204959332942963,-7.846205711364746,0.005250482354313135,1e-05,0.020216556,-0.008871964178979397,1049,0.2,0.12369791666666667,15.140882651011148,0.006171691697090864,800.0,0.4583333333333333,1730.79080196875,0.2708333333333333,800.0,0.8019661458333333,0.2708333333333333,1730.79080196875,0.3541666666666667
1221,127828,63,304,0.08204954862594604,0.5532814860343933,0.08077467530965805,1e-05,0.021573879,-0.011513131856918334,1052,0.2,0.103125,15.140909767150879,0.02229367569088936,800.0,0.4639175257731959,1728.1045673298968,0.26804123711340205,800.0,0.8018556701030928,0.26804123711340205,1728.1045673298968,0.36082474226804123
1221,128084,63,305,0.08204911649227142,-9.288751602172852,0.05524567452569803,1e-05,0.009783244,-0.007120639085769653,1055,0.2,0.049479166666666664,15.140931765238443,0.008107513189315796,800.0,0.4639175257731959,1728.1045673298968,0.26804123711340205,800.0,0.8018556701030928,0.26804123711340205,1728.1045673298968,0.36082474226804123
1221,128340,64,306,0.08204876631498337,-18.29161834716797,0.0050381153511504335,1e-05,0.009081099,-0.0016723405569791794,1058,0.2,0.053385416666666664,15.141014575958252,0.0008404296822845936,800.0,0.4639175257731959,1728.1045673298968,0.26804123711340205,800.0,0.8018556701030928,0.26804123711340205,1728.1045673298968,0.36082474226804123
1220,128596,64,307,0.08204890042543411,-11.643888473510742,0.005873927380889654,1e-05,0.0043780054,0.0015095560811460018,1061,0.2,0.0078125,15.141040484110514,0.0019478520844131708,800.0,0.45918367346938777,1728.2250502346938,0.2755102040816326,800.0,0.803341836734694,0.2755102040816326,1728.2250502346938,0.35714285714285715
1220,128852,64,308,0.08204920589923859,-23.686229705810547,0.04314290887365738,1e-05,0.013605007,-0.009759502795835337,1064,0.2,0.08072916666666667,15.140994548797607,0.013252157717943192,800.0,0.45918367346938777,1728.2250502346938,0.2755102040816326,800.0,0.803341836734694,0.2755102040816326,1728.2250502346938,0.35714285714285715
1221,129108,64,309,0.0820494145154953,-14.391298294067383,0.006943386327475309,1e-05,0.015405082,-0.008779414370656014,1067,0.2,0.06875,15.140951347351074,-0.018125448375940323,800.0,0.45918367346938777,1728.2250502346938,0.2755102040816326,800.0,0.803341836734694,0.2755102040816326,1728.2250502346938,0.35714285714285715
1221,129364,64,310,0.08204924315214157,-8.010764122009277,0.005658454494550824,1e-05,0.0127567155,-0.0017454543461402257,1070,0.2,0.08463541666666667,15.14093573888143,-0.001083933748304844,800.0,0.45454545454545453,1728.808340272727,0.2727272727272727,800.0,0.8048863636363637,0.2727272727272727,1728.808340272727,0.35353535353535354
1221,129620,65,311,0.08204919844865799,0.12296819686889648,0.1433299519121647,1e-05,0.013771149,-0.017267277464270592,1073,0.2,0.08333333333333333,15.140971024831137,0.05624307319521904,800.0,0.45454545454545453,1728.808340272727,0.2727272727272727,800.0,0.8048863636363637,0.2727272727272727,1728.808340272727,0.35353535353535354
1221,129876,65,312,0.08204925060272217,-0.053743958473205566,0.034650517317155995,1e-05,0.012862994,-0.013139741650472084,1076,0.2,0.08072916666666667,15.140964031219482,-0.004599656909704208,800.0,0.45454545454545453,1728.808340272727,0.2727272727272727,800.0,0.8048863636363637,0.2727272727272727,1728.808340272727,0.35353535353535354
1221,130132,65,313,0.08204921334981918,-13.535340309143066,0.006155357618505756,1e-05,0.01723955,-0.008309193265934786,1079,0.2,0.10026041666666667,15.140963554382324,-0.005075073800981045,800.0,0.46,1727.45052255,0.27,800.0,0.8045125,0.27,1727.45052255,0.36
1220,130388,65,314,0.08204898983240128,-16.153026580810547,0.04188573298354944,1e-05,0.015678298,-0.006743112113326788,1082,0.2,0.1171875,15.14098564783732,0.0035617277026176453,800.0,0.46,1727.45052255,0.27,800.0,0.8045125,0.27,1727.45052255,0.36
1220,130644,66,315,0.08204882591962814,-9.51302433013916,0.0051135229878127575,1e-05,0.01493698,-0.004667036235332489,1085,0.2,0.08854166666666667,15.141021251678467,-0.0032456570770591497,800.0,0.46,1727.45052255,0.27,800.0,0.8045125,0.27,1727.45052255,0.36
1220,130900,66,316,0.08204855769872665,-5.904236793518066,0.00531025929376483,1e-05,0.02048672,-0.005756624788045883,1088,0.2,0.1078125,15.141053199768066,-0.008922993205487728,800.0,0.46,1722.60493938,0.27,800.0,0.804775,0.27,1722.60493938,0.36
1220,131156,66,317,0.08204813301563263,0.5769127011299133,0.14160854866107306,1e-05,0.012260239,-0.020107842050492764,1091,0.2,0.06640625,15.14111598332723,0.03947437182068825,800.0,0.46,1722.60493938,0.27,800.0,0.804775,0.27,1722.60493938,0.36
1220,131412,66,318,0.08204749971628189,-4.27988338470459,0.013489532750099897,1e-05,0.011251262,-0.010906757321208715,1094,0.2,0.0625,15.141202131907145,0.0002254769206047058,800.0,0.46,1722.60493938,0.27,800.0,0.804775,0.27,1722.60493938,0.36
1219,131668,66,319,0.08204693347215652,-6.99062967300415,0.007425459660589695,1e-05,0.024167556,-0.019435512274503706,1097,0.2,0.115625,15.141308212280274,-0.03463729843497276,800.0,0.47,1717.66555217,0.27,800.0,0.8042624999999998,0.27,1717.66555217,0.37
1219,131924,67,320,0.08204663544893265,0.44041550159454346,0.0827907845377922,1e-05,0.016863687,-0.01649582963436842,1100,0.2,0.09375,15.14138584136963,-0.008948177099227905,800.0,0.47,1717.66555217,0.27,800.0,0.8042624999999998,0.27,1717.66555217,0.37
1219,132180,67,321,0.08204635232686996,-1.4818735122680664,0.21654443442821503,1e-05,0.012429396,-0.02204198483377695,1103,0.2,0.06901041666666667,15.141428629557291,0.05455532670021057,800.0,0.47,1717.66555217,0.27,800.0,0.8042624999999998,0.27,1717.66555217,0.37
1219,132436,67,322,0.08204589784145355,-0.9075316190719604,0.2786791945497195,1e-05,0.008752009,-0.01398044591769576,1106,0.2,0.04296875,15.14148743947347,0.10663886368274689,800.0,0.48,1699.27024585,0.26,800.0,0.7952624999999999,0.26,1699.27024585,0.37
1219,132692,67,323,0.08204568922519684,-0.7413443326950073,0.2479325234889984,1e-05,0.007958633,-0.012597390295316776,1109,0.2,0.03515625,15.141550858815512,0.08190468698740005,800.0,0.48,1699.27024585,0.26,800.0,0.7952624999999999,0.26,1699.27024585,0.37
1219,132948,68,324,0.0820457711815834,0.4403095245361328,0.10594428703188896,1e-05,0.011977354,-0.01725813529143731,1112,0.2,0.05859375,15.141564846038818,0.007767196744680405,800.0,0.48,1699.27024585,0.26,800.0,0.7952624999999999,0.26,1699.27024585,0.37
1219,133204,68,325,0.08204569667577744,0.11738497018814087,0.1742236539721489,1e-05,0.013588468,-0.015649073757231236,1115,0.2,0.07161458333333333,15.14155117670695,0.05668635293841362,800.0,0.49,1684.55051645,0.26,800.0,0.7884875,0.26,1684.55051645,0.38
1219,133460,68,326,0.08204536885023117,-0.9383844137191772,0.17135828733444214,1e-05,0.012724968,-0.018731663469225168,1118,0.2,0.07161458333333333,15.141589482625326,0.0407196581363678,800.0,0.49,1684.55051645,0.26,800.0,0.7884875,0.26,1684.55051645,0.38
1219,133716,68,327,0.08204527944326401,0.2956942319869995,0.10419762134552002,1e-05,0.00978612,-0.020004629467924435,1121,0.2,0.052083333333333336,15.141634464263916,0.0024780333042144775,800.0,0.49,1684.55051645,0.26,800.0,0.7884875,0.26,1684.55051645,0.38
1219,133972,68,328,0.08204519003629684,0.5072911977767944,0.05675941581527392,1e-05,0.020139461,-0.01985214076315363,1124,0.2,0.11067708333333333,15.141643365224203,-0.0008846856653690338,800.0,0.49,1684.55051645,0.26,800.0,0.7884875,0.26,1684.55051645,0.38
1219,134228,69,329,0.08204497396945953,0.6456326246261597,0.04233745783567429,1e-05,0.015006982,-0.011298524215817451,1127,0.2,0.0796875,15.141671752929687,-0.003760823979973793,800.0,0.49,1675.55104551,0.25,800.0,0.7856125,0.25,1675.55104551,0.38
1219,134484,69,330,0.08204428106546402,-0.3172738552093506,0.053410076846679054,1e-05,0.008998212,-0.01009426669528087,1130,0.2,0.057291666666666664,15.14173444112142,0.013150811195373535,800.0,0.49,1675.55104551,0.25,800.0,0.7856125,0.25,1675.55104551,0.38
1219,134740,69,331,0.08204352110624313,-5.933172702789307,0.008135042851790786,1e-05,0.014099801,-0.009694272962709269,1133,0.2,0.08984375,15.141874154408773,-0.023237919434905052,800.0,0.49,1675.55104551,0.25,800.0,0.7856125,0.25,1675.55104551,0.38
1219,134996,69,332,0.08204305171966553,-9.333673477172852,0.006079097744077444,1e-05,0.026556732,-0.012811416387557983,1136,0.2,0.125,15.14198055267334,-0.01956067606806755,800.0,0.49,1669.8748598,0.25,800.0,0.7855500000000001,0.25,1669.8748598,0.38
1219,135252,69,333,0.08204255998134613,0.13299095630645752,0.02296552263821165,1e-05,0.013711018,-0.008720901949952045,1139,0.2,0.0703125,15.142061233520508,-0.025181695818901062,800.0,0.49,1669.8748598,0.25,800.0,0.7855500000000001,0.25,1669.8748598,0.38
1219,135508,70,334,0.0820423886179924,-6.332436561584473,0.006723565282300115,1e-05,0.015991054,-0.0051850977664192515,1142,0.2,0.10807291666666667,15.142125606536865,0.006131656933575869,800.0,0.49,1669.8748598,0.25,800.0,0.7855500000000001,0.25,1669.8748598,0.38
1219,135764,70,335,0.08204292505979538,-17.585094451904297,0.0071855968950937195,1e-05,0.0039535593,-0.0009613321162760258,1145,0.2,0.006510416666666667,15.142101128896078,-0.0025226781144738197,800.0,0.5,1665.0180565699995,0.24,800.0,0.7852125000000001,0.24,1665.0180565699995,0.39
1219,136020,70,336,0.08204331248998642,-33.21749496459961,0.038022746331989765,1e-05,0.0067366036,-0.006128661955396335,1148,0.2,0.02734375,15.1420046488444,0.0039009246975183487,800.0,0.5,1665.0180565699995,0.24,800.0,0.7852125000000001,0.24,1665.0180565699995,0.39
1219,136276,70,337,0.08204363286495209,0.25005942583084106,0.10073193783561389,1e-05,0.008348774,-0.017415376069645088,1151,0.2,0.041666666666666664,15.141953150431315,0.01322171464562416,800.0,0.5,1665.0180565699995,0.24,800.0,0.7852125000000001,0.24,1665.0180565699995,0.39
1219,136532,70,338,0.08204386383295059,-10.64985466003418,0.005065640807151795,1e-05,0.019885313,-0.010706690698862075,1154,0.2,0.11875,15.141899490356446,-0.016932686790823936,800.0,0.5,1660.5641761499996,0.25,800.0,0.7854875,0.25,1660.5641761499996,0.39
1219,136788,71,339,0.08204402029514313,-24.948015213012695,0.03471903518463174,1e-05,0.016151592,-0.0048413448967039585,1157,0.2,0.109375,15.141867319742838,0.009036242961883545,800.0,0.5,1660.5641761499996,0.25,800.0,0.7854875,0.25,1660.5641761499996,0.39
1219,137044,71,340,0.0820443257689476,-12.235479354858398,0.006253469114502271,1e-05,0.010729792,-0.005941224905351798,1160,0.2,0.059895833333333336,15.141833146413168,-0.011168153025209904,800.0,0.5,1660.5641761499996,0.25,800.0,0.7854875,0.25,1660.5641761499996,0.39
1219,137300,71,341,0.08204451948404312,-3.718708038330078,0.004698797548189759,1e-05,0.018683745,-0.0030031271278858187,1163,0.2,0.0890625,15.14178638458252,-0.0006967396475374699,800.0,0.5,1654.7348447499994,0.25,800.0,0.7851874999999999,0.25,1654.7348447499994,0.39
1219,137556,71,342,0.08204470574855804,-22.77109718322754,0.03537060910214981,1e-05,0.0110124,-0.007546104025095701,1166,0.2,0.06640625,15.141751607259115,-0.002958405762910843,800.0,0.5,1654.7348447499994,0.25,800.0,0.7851874999999999,0.25,1654.7348447499994,0.39
1219,137812,71,343,0.08204479515552521,-14.440414428710938,0.004829112533479929,1e-05,0.01701899,-0.008739310875535011,1169,0.2,0.075,15.141732597351075,-0.010413776151835918,800.0,0.5,1654.7348447499994,0.25,800.0,0.7851874999999999,0.25,1654.7348447499994,0.39
1219,138068,72,344,0.08204510062932968,0.5873491764068604,0.0585491048792998,1e-05,0.015285735,-0.010756326063225666,1172,0.2,0.0859375,15.141694704691568,-0.006509615108370781,800.0,0.51,1646.8566251499997,0.25,800.0,0.783625,0.25,1646.8566251499997,0.4
1219,138324,72,345,0.08204527199268341,0.4600919485092163,0.20063578337430954,1e-05,0.013668193,-0.02850627029935519,1175,0.2,0.052083333333333336,15.141650358835856,0.04647504538297653,800.0,0.51,1646.8566251499997,0.25,800.0,0.783625,0.25,1646.8566251499997,0.4
1219,138580,72,346,0.0820452943444252,-0.36432480812072754,0.016419664801408846,1e-05,0.0154027445,-0.01912610853711764,1178,0.2,0.078125,15.141633828481039,-0.0049435049295425415,800.0,0.51,1646.8566251499997,0.25,800.0,0.783625,0.25,1646.8566251499997,0.4
1219,138836,72,347,0.08204527199268341,-7.905374526977539,0.0035456835757941008,1e-05,0.014734746,-0.0048358330968767405,1180,0.2,0.1171875,15.141637802124023,-0.007168040610849857,800.0,0.51,1638.9083833799998,0.25,800.0,0.7827,0.25,1638.9083833799998,0.4
1219,139092,73,348,0.08204519003629684,0.12600475549697876,0.12817550599575042,1e-05,0.021035401,-0.019978028908371925,1183,0.2,0.1171875,15.14164752960205,0.02169177681207657,800.0,0.51,1638.9083833799998,0.25,800.0,0.7827,0.25,1638.9083833799998,0.4
1219,139348,73,349,0.0820450410246849,-0.3878868818283081,0.028307479806244373,1e-05,0.011938847,-0.0076485867612063885,1185,0.2,0.11328125,15.141666650772095,-0.0047901831567287445,800.0,0.51,1638.9083833799998,0.25,800.0,0.7827,0.25,1638.9083833799998,0.4
1219,139604,73,350,0.08204489946365356,0.4368783235549927,0.07652214293678601,1e-05,0.01028878,-0.006785608207186063,1188,0.2,0.06380208333333333,15.1416916847229,0.012071918696165085,800.0,0.51,1630.6153072699997,0.24,800.0,0.7811625,0.24,1630.6153072699997,0.4
1219,139860,73,351,0.08204448223114014,0.5428372621536255,0.06736253450314204,1e-05,0.006733482,-0.011102547713865837,1191,0.2,0.03125,15.141723473866781,0.010056430473923683,800.0,0.51,1630.6153072699997,0.24,800.0,0.7811625,0.24,1630.6153072699997,0.4
1219,140116,73,352,0.08204422891139984,-1.0819411277770996,0.36617476244767505,1e-05,0.012776533,-0.024874381255358458,1194,0.2,0.061197916666666664,15.14180072148641,0.12516474723815918,800.0,0.51,1630.6153072699997,0.24,800.0,0.7811625,0.24,1630.6153072699997,0.4
1219,140372,74,353,0.08204410970211029,-4.619485855102539,0.32985692620277407,1e-05,0.015870359,-0.023273856565356254,1197,0.2,0.0625,15.141827392578126,0.12115788459777832,800.0,0.51,1630.6153072699997,0.24,800.0,0.7811625,0.24,1630.6153072699997,0.4
1219,140628,74,354,0.08204396814107895,-1.8459856510162354,0.274895578622818,1e-05,0.0149117,-0.020841282171507675,1200,0.2,0.07552083333333333,15.141850789388021,0.07385686784982681,800.0,0.51,1612.5179304999997,0.24,800.0,0.7726999999999999,0.24,1612.5179304999997,0.39
1219,140884,74,355,0.08204388618469238,-0.7500690221786499,0.17471142361561456,1e-05,0.009489283,-0.015974447907259066,1203,0.2,0.044270833333333336,15.141870339711508,0.03500749170780182,800.0,0.51,1612.5179304999997,0.24,800.0,0.7726999999999999,0.24,1612.5179304999997,0.39
1219,141140,74,356,0.08204400539398193,0.5538425445556641,0.06540326898296674,1e-05,0.010732466,-0.014306578474740187,1206,0.2,0.049479166666666664,15.141869703928629,-0.0009748786687850952,800.0,0.51,1612.5179304999997,0.24,800.0,0.7726999999999999,0.24,1612.5179304999997,0.39
1219,141396,74,357,0.08204416185617447,-8.207718849182129,0.0064386045560240746,1e-05,0.015007052,-0.01083364114165306,1209,0.2,0.065625,15.141842460632324,-0.01798091270029545,800.0,0.52,1603.7044799299995,0.23,800.0,0.770075,0.23,1603.7044799299995,0.4
1219,141652,75,358,0.08204426616430283,-29.25985336303711,0.036447766795754434,1e-05,0.019636963,-0.006024041399359703,1212,0.2,0.0859375,15.141817855834962,0.011241082102060318,800.0,0.52,1603.7044799299995,0.23,800.0,0.770075,0.23,1603.7044799299995,0.4
1219,141908,75,359,0.08204416185617447,-6.573549270629883,0.004642807180061936,1e-05,0.01616242,-0.006843933680405219,1215,0.2,0.12890625,15.141818682352701,-0.01618071272969246,800.0,0.52,1603.7044799299995,0.23,800.0,0.770075,0.23,1603.7044799299995,0.4
1219,142164,75,360,0.08204402029514313,-9.994328498840332,0.006598302070051432,1e-05,0.018298443,-0.0044633237645030025,1218,0.2,0.1109375,15.141840934753418,-0.0025677219964563847,800.0,0.52,1598.98850814,0.23,800.0,0.7708625000000001,0.23,1598.98850814,0.4
1219,142420,75,361,0.08204363286495209,-10.260772705078125,0.03575806748121977,1e-05,0.024624337,-0.011323865503072739,1221,0.2,0.134375,15.141882133483886,0.0023683495819568634,800.0,0.52,1598.98850814,0.23,800.0,0.7708625000000001,0.23,1598.98850814,0.4
1219,142676,75,362,0.08204327523708344,-3.5598602294921875,0.004521333519369364,1e-05,0.022671793,-0.0007815278135240078,1224,0.2,0.1390625,15.141955375671387,-0.006023320835083723,800.0,0.52,1598.98850814,0.23,800.0,0.7708625000000001,0.23,1598.98850814,0.4
1219,142932,76,363,0.08204325288534164,-13.739970207214355,0.006760652254646023,1e-05,0.009460664,-0.0015086646502216656,1227,0.2,0.053385416666666664,15.141985734303793,0.007042282726615667,800.0,0.53,1592.0330226899998,0.23,800.0,0.7702000000000001,0.23,1592.0330226899998,0.4
1219,143188,76,364,0.08204329013824463,0.3366342782974243,0.08216909940044086,1e-05,0.009120462,-0.014336323365569115,1230,0.2,0.046875,15.141979217529297,0.015369169414043427,800.0,0.53,1592.0330226899998,0.23,800.0,0.7702000000000001,0.23,1592.0330226899998,0.4
1219,143444,76,365,0.08204331248998642,-3.3501853942871094,0.0057640412511924905,1e-05,0.013214977,-0.008093359104047218,1233,0.2,0.07291666666666667,15.141977310180664,-0.008149219676852226,800.0,0.53,1592.0330226899998,0.23,800.0,0.7702000000000001,0.23,1592.0330226899998,0.4
1219,143700,76,366,0.08204325288534164,-9.264398574829102,0.006104794020454089,1e-05,0.011645133,-0.0008614469940463702,1236,0.2,0.06640625,15.14197572072347,-0.013384733349084854,800.0,0.53,1587.08318815,0.24,800.0,0.7709750000000001,0.24,1587.08318815,0.4
1219,143956,77,367,0.0820431187748909,0.29664701223373413,0.03763873347391685,1e-05,0.015977189,-0.018435561563819647,1239,0.2,0.09765625,15.141994794209799,-0.015280056744813919,800.0,0.53,1587.08318815,0.24,800.0,0.7709750000000001,0.24,1587.08318815,0.4
1219,144212,77,368,0.08204305171966553,-0.4481085538864136,0.17565142860015234,1e-05,0.015177611,-0.015622643443445364,1242,0.2,0.09114583333333333,15.142013390858969,0.04573020339012146,800.0,0.53,1587.08318815,0.24,800.0,0.7709750000000001,0.24,1587.08318815,0.4
1219,144468,77,369,0.08204267174005508,0.00025832653045654297,0.6070446868737539,1e-05,0.0119965235,-0.016098695807158947,1245,0.2,0.06770833333333333,15.142038822174072,0.26332321763038635,800.0,0.53,1573.9355167600004,0.23,800.0,0.7657125,0.23,1573.9355167600004,0.4
1219,144724,77,370,0.08204223960638046,-0.050148725509643555,0.15446006134152412,1e-05,0.009175003,-0.023282834018270176,1248,0.2,0.036458333333333336,15.142114321390787,0.05220545828342438,800.0,0.53,1573.9355167600004,0.23,800.0,0.7657125,0.23,1573.9355167600004,0.4
1219,144980,77,371,0.08204176276922226,-2.966654062271118,0.00785623110520343,1e-05,0.017120281,-0.012472684805591902,1251,0.2,0.11328125,15.142195224761963,-0.009557741694152355,800.0,0.53,1573.9355167600004,0.23,800.0,0.7657125,0.23,1573.9355167600004,0.4
1219,145236,78,372,0.08204124122858047,-4.843590259552002,0.004124301485717297,1e-05,0.015738415,-0.0027563214922944703,1254,0.2,0.12109375,15.142285664876303,-0.014550281688570976,800.0,0.53,1566.1267444200003,0.23,800.0,0.7649000000000001,0.23,1566.1267444200003,0.4
1219,145492,78,373,0.08204083144664764,-55.35383224487305,0.03317241960515579,1e-05,0.018682044,-0.011809797957539558,1257,0.2,0.11328125,15.142359415690104,-0.007458310574293137,800.0,0.53,1566.1267444200003,0.23,800.0,0.7649000000000001,0.23,1566.1267444200003,0.4
1219,145748,78,374,0.08204026520252228,-3.1917123794555664,0.009100887458771467,1e-05,0.014749642,-0.005557754387458165,1260,0.2,0.09505208333333333,15.142446835835775,-0.007399116177111864,800.0,0.53,1566.1267444200003,0.23,800.0,0.7649000000000001,0.23,1566.1267444200003,0.4
1218,146004,78,375,0.08203988522291183,-6.498837471008301,0.006051765910039346,1e-05,0.015299372,-0.0029097444688280425,1263,0.2,0.09765625,15.142529805501303,-5.4491451010107994e-05,800.0,0.53,1562.01406313,0.23,800.0,0.7658375,0.23,1562.01406313,0.4
1218,146260,78,376,0.08203939348459244,-1.7520840167999268,0.0059896909321347875,1e-05,0.01663366,-0.005629756177465121,1266,0.2,0.10416666666666667,15.142600695292154,-0.027597077190876007,800.0,0.53,1562.01406313,0.23,800.0,0.7658375,0.23,1562.01406313,0.4
1218,146516,79,377,0.08203911781311035,0.15496015548706055,0.1359491062661012,1e-05,0.009629284,-0.023247908956060808,1269,0.2,0.05078125,15.14266300201416,0.010631754994392395,800.0,0.53,1562.01406313,0.23,800.0,0.7658375,0.23,1562.01406313,0.4
1218,146772,79,378,0.08203905075788498,-11.134328842163086,0.006211763791119059,1e-05,0.022501022,-0.011706591894229254,1272,0.2,0.11979166666666667,15.142698287963867,-0.013378751464188099,800.0,0.53,1562.01406313,0.23,800.0,0.7658375,0.23,1562.01406313,0.4
1218,147028,79,379,0.08203891664743423,-5.93564510345459,0.004595260787755251,1e-05,0.018888753,-0.007475018315017223,1275,0.2,0.1015625,15.142712020874024,-0.018037080764770508,800.0,0.54,1554.4243782199999,0.24,800.0,0.7646625,0.24,1554.4243782199999,0.41
1218,147284,79,380,0.08203869313001633,0.0041130781173706055,0.10439543053507805,1e-05,0.016448509,-0.028286489968498547,1278,0.2,0.10026041666666667,15.142743269602457,0.027165710926055908,800.0,0.54,1554.4243782199999,0.24,800.0,0.7646625,0.24,1554.4243782199999,0.41
1218,147540,80,381,0.08203833550214767,-6.502793788909912,0.006456097960472107,1e-05,0.015512528,-0.014237551763653756,1281,0.2,0.0671875,15.142790603637696,-0.031555384397506714,800.0,0.54,1554.4243782199999,0.24,800.0,0.7646625,0.24,1554.4243782199999,0.41
1218,147796,80,382,0.08203808963298798,-11.987133979797363,0.004793945327401161,1e-05,0.021396695,-0.003284179978072643,1284,0.2,0.109375,15.14284782409668,-0.0035362569615244865,800.0,0.55,1547.6337569400002,0.23,800.0,0.7639125000000001,0.23,1547.6337569400002,0.42
1218,148052,80,383,0.08203769475221634,0.3685705065727234,0.11705116430918376,1e-05,0.0101032695,-0.004383495853592952,1287,0.2,0.0546875,15.142892042795816,0.04866618290543556,800.0,0.55,1547.6337569400002,0.23,800.0,0.7639125000000001,0.23,1547.6337569400002,0.42
1217,148308,80,384,0.08203750103712082,-0.8641490936279297,0.026787059381604195,1e-05,0.015616605,-0.012512971088290215,1290,0.2,0.078125,15.142952156066894,-0.009443651884794235,800.0,0.55,1547.6337569400002,0.23,800.0,0.7639125000000001,0.23,1547.6337569400002,0.42
1217,148564,80,385,0.08203743398189545,-7.6945953369140625,0.00519828568212688,1e-05,0.015007859,-0.01349788368679583,1292,0.2,0.115234375,15.14297080039978,-0.01489531435072422,800.0,0.56,1540.56400264,0.23,800.0,0.762675,0.23,1540.56400264,0.43
1217,148820,81,386,0.08203708380460739,-23.912485122680664,0.04233970250934362,1e-05,0.021794498,-0.00484418086707592,1295,0.2,0.1265625,15.143008613586426,0.014766642823815346,800.0,0.56,1540.56400264,0.23,800.0,0.762675,0.23,1540.56400264,0.43
1217,149076,81,387,0.08203683793544769,-5.694794654846191,0.004160421260166913,1e-05,0.011048445,-0.005532039562240243,1297,0.2,0.080078125,15.143059015274048,-0.004468162078410387,800.0,0.56,1540.56400264,0.23,800.0,0.762675,0.23,1540.56400264,0.43
1217,149332,81,388,0.08203667402267456,-3.466494083404541,0.0056547417771071196,1e-05,0.011097296,-0.007938073016703129,1299,0.2,0.080078125,15.143093824386597,-0.015543017536401749,800.0,0.56,1534.9418287300002,0.23,800.0,0.7625749999999999,0.23,1534.9418287300002,0.43
1217,149588,81,389,0.08203637599945068,-0.22248220443725586,0.047608792781829834,1e-05,0.015791334,-0.01473585624868671,1302,0.2,0.10286458333333333,15.143131573994955,-0.0016408581286668777,800.0,0.56,1534.9418287300002,0.23,800.0,0.7625749999999999,0.23,1534.9418287300002,0.43
1217,149844,81,390,0.0820361003279686,-0.07471144199371338,0.4107855012019475,1e-05,0.013931639,-0.023073649654785793,1305,0.2,0.06380208333333333,15.143182436625162,0.1353224366903305,800.0,0.56,1534.9418287300002,0.23,800.0,0.7625749999999999,0.23,1534.9418287300002,0.43
1217,150100,82,391,0.08203592151403427,0.321069598197937,0.13705633083979288,1e-05,0.011283462,-0.018316525655488174,1308,0.2,0.05078125,15.143218835194906,0.037567514926195145,800.0,0.57,1520.4166215900002,0.22,800.0,0.7560374999999999,0.22,1520.4166215900002,0.44
1217,150356,82,392,0.0820358544588089,0.14801043272018433,0.17525789390007654,1e-05,0.010165114,-0.019402545255919296,1311,0.2,0.049479166666666664,15.143243312835693,0.03989115729928017,800.0,0.57,1520.4166215900002,0.22,800.0,0.7560374999999999,0.22,1520.4166215900002,0.44
1217,150612,82,393,0.0820360854268074,0.3455195426940918,0.07338594955702622,1e-05,0.009056458,-0.01706290788327654,1314,0.2,0.041666666666666664,15.143231074015299,0.01404540240764618,800.0,0.57,1520.4166215900002,0.22,800.0,0.7560374999999999,0.22,1520.4166215900002,0.44
1217,150868,82,394,0.08203642815351486,0.6704472899436951,0.052033002798755966,1e-05,0.013562118,-0.011184587764243284,1317,0.2,0.055989583333333336,15.143179734547934,0.0021027829498052597,800.0,0.57,1510.5722065599998,0.22,800.0,0.7526499999999998,0.22,1510.5722065599998,0.44
1217,151124,83,395,0.08203669637441635,0.2308814525604248,0.09159925331672032,1e-05,0.012004374,-0.01689741077522437,1320,0.2,0.078125,15.143123785654703,0.014344286173582077,800.0,0.57,1510.5722065599998,0.22,800.0,0.7526499999999998,0.22,1510.5722065599998,0.44
1217,151380,83,396,0.08203671872615814,-2.8492517471313477,0.009735600277781486,1e-05,0.018827692,-0.005204789899289608,1323,0.2,0.103125,15.143099784851074,0.0005048573948442936,800.0,0.57,1510.5722065599998,0.22,800.0,0.7526499999999998,0.22,1510.5722065599998,0.44
1217,151636,83,397,0.08203677833080292,-6.090025901794434,0.007509638648480177,1e-05,0.016163876,-0.007993546314537525,1326,0.2,0.096875,15.143096542358398,-0.008066491223871708,800.0,0.57,1505.5095106099998,0.22,800.0,0.7525624999999999,0.22,1505.5095106099998,0.44
1217,151892,83,398,0.082037054002285,-30.709774017333984,0.03880333807319403,1e-05,0.014924972,-0.00552117529635628,1329,0.2,0.09635416666666667,15.143067518870035,0.006354721263051033,800.0,0.57,1505.5095106099998,0.22,800.0,0.7525624999999999,0.22,1505.5095106099998,0.44
1217,152148,83,399,0.08203718811273575,0.1397308111190796,0.08582773183782895,1e-05,0.014829554,-0.02149202860891819,1332,0.2,0.07552083333333333,15.143028100331625,0.002670370042324066,800.0,0.57,1505.5095106099998,0.22,800.0,0.7525624999999999,0.22,1505.5095106099998,0.44
1217,152404,84,400,0.08203727006912231,-10.078189849853516,0.007612519742300113,1e-05,0.016219795,-0.010550080177684626,1335,0.2,0.10026041666666667,15.143014272054037,-0.024859167635440826,800.0,0.58,1499.3604747,0.22,800.0,0.7518250000000001,0.22,1499.3604747,0.45
1217,152660,84,401,0.08203714340925217,-9.566120147705078,0.004822431318461895,1e-05,0.017179037,-0.00825068149715662,1338,0.2,0.11875,15.143013191223144,-0.013699417002499104,800.0,0.58,1499.3604747,0.22,800.0,0.7518250000000001,0.22,1499.3604747,0.45
1217,152916,84,402,0.08203700929880142,-0.3665907382965088,0.18209651609261832,1e-05,0.014950883,-0.02214497762421767,1341,0.2,0.08984375,15.143043677012125,0.05033298581838608,800.0,0.58,1499.3604747,0.22,800.0,0.7518250000000001,0.22,1499.3604747,0.45
1217,153172,84,403,0.08203678578138351,-11.486651420593262,0.006950188893824816,1e-05,0.007710552,-0.006459697537745039,1344,0.2,0.03515625,15.143062114715576,-0.017452113330364227,800.0,0.58,1499.3604747,0.22,800.0,0.7518250000000001,0.22,1499.3604747,0.45
1217,153428,84,404,0.08203661441802979,-9.371020317077637,0.008420980690668026,1e-05,0.0130528305,-0.011666696984320879,1347,0.2,0.07682291666666667,15.143105506896973,-0.026335440576076508,800.0,0.59,1492.5994858799997,0.22,800.0,0.7504000000000001,0.22,1492.5994858799997,0.46
1217,153684,85,405,0.0820365622639656,0.6141787767410278,0.09684616823991139,1e-05,0.012101725,-0.0127018210478127,1350,0.2,0.06510416666666667,15.143123785654703,0.013371605426073074,800.0,0.59,1492.5994858799997,0.22,800.0,0.7504000000000001,0.22,1492.5994858799997,0.46
1217,153940,85,406,0.08203653246164322,-11.378525733947754,0.0053050977177917956,1e-05,0.0177096,-0.00924450010061264,1353,0.2,0.078125,15.14312801361084,-0.015025865286588669,800.0,0.59,1492.5994858799997,0.22,800.0,0.7504000000000001,0.22,1492.5994858799997,0.46
1217,154196,85,407,0.08203654736280441,0.38918668031692505,0.18683823446432749,1e-05,0.013187557,-0.017290571704506874,1356,0.2,0.078125,15.14313300450643,0.05458759889006615,800.0,0.59,1483.1273856999999,0.22,800.0,0.74735,0.22,1483.1273856999999,0.46
1217,154452,85,408,0.08203619718551636,-10.784051895141602,0.059002568013966084,1e-05,0.008352832,-0.01002470877331992,1359,0.2,0.037760416666666664,15.14314572016398,-0.009428637102246284,800.0,0.59,1483.1273856999999,0.22,800.0,0.74735,0.22,1483.1273856999999,0.46
1217,154708,86,409,0.08203589171171188,-3.2821288108825684,0.004580580163747072,1e-05,0.012571935,-0.009356039886673292,1362,0.2,0.07291666666666667,15.143214543660482,-0.02000821940600872,800.0,0.59,1483.1273856999999,0.22,800.0,0.74735,0.22,1483.1273856999999,0.46
1217,154964,86,410,0.08203572779893875,-8.529239654541016,0.005317910225130618,1e-05,0.013841654,-0.0047363468911498785,1364,0.2,0.103515625,15.143253326416016,0.007551716640591621,800.0,0.6,1478.4828263999996,0.21,800.0,0.74785,0.21,1478.4828263999996,0.46
1217,155220,86,411,0.08203550428152084,-0.05006897449493408,0.1279242902994156,1e-05,0.021233026,-0.010766454413533211,1367,0.2,0.1171875,15.143288040161133,0.030233770608901978,800.0,0.6,1478.4828263999996,0.21,800.0,0.74785,0.21,1478.4828263999996,0.46
1217,155476,86,412,0.08203519880771637,-9.772587776184082,0.007056138571351766,1e-05,0.025190093,-0.014772091060876846,1370,0.2,0.1484375,15.143330764770507,-0.037415292114019394,800.0,0.6,1478.4828263999996,0.21,800.0,0.74785,0.21,1478.4828263999996,0.46
1217,155732,86,413,0.08203501999378204,-10.806730270385742,0.004528093850240111,1e-05,0.011544827,-0.00901876762509346,1372,0.2,0.099609375,15.14337420463562,-0.011401226744055748,800.0,0.6,1472.9428240799998,0.22,800.0,0.7476750000000001,0.22,1472.9428240799998,0.46
1217,155988,87,414,0.0820348933339119,-0.12494480609893799,0.03780263150110841,1e-05,0.014122759,-0.014693386852741241,1374,0.2,0.09765625,15.143399000167847,-0.013240723870694637,800.0,0.6,1472.9428240799998,0.22,800.0,0.7476750000000001,0.22,1472.9428240799998,0.46
1217,156244,87,415,0.08203472197055817,0.04071664810180664,0.1583707481622696,1e-05,0.018316012,-0.015470951795578003,1377,0.2,0.084375,15.143425178527831,0.029512416571378708,800.0,0.6,1472.9428240799998,0.22,800.0,0.7476750000000001,0.22,1472.9428240799998,0.46
1217,156500,87,416,0.08203434199094772,0.28917551040649414,0.0892070618768533,1e-05,0.017587673,-0.01952136152734359,1380,0.2,0.10026041666666667,15.143467744191488,0.0002913959324359894,800.0,0.61,1463.3439162699997,0.22,800.0,0.7447124999999999,0.22,1463.3439162699997,0.47
1217,156756,87,417,0.08203393220901489,0.4707273840904236,0.07718114107847214,1e-05,0.018399261,-0.00925151612609625,1383,0.2,0.1,15.143541717529297,0.02449808642268181,800.0,0.61,1463.3439162699997,0.22,800.0,0.7447124999999999,0.22,1463.3439162699997,0.47
1217,157012,87,418,0.0820334404706955,0.15368014574050903,0.10827121883630753,1e-05,0.015835937,-0.020155930581192177,1386,0.2,0.08203125,15.143615245819092,0.01649906486272812,800.0,0.61,1463.3439162699997,0.22,800.0,0.7447124999999999,0.22,1463.3439162699997,0.47
1217,157268,88,419,0.08203290402889252,-0.0762181282043457,0.12970270092288652,1e-05,0.009280113,-0.009993760536114374,1389,0.2,0.052083333333333336,15.143700122833252,0.02959730476140976,800.0,0.62,1452.7846388599999,0.22,800.0,0.7411875000000001,0.22,1452.7846388599999,0.48
1216,157524,88,420,0.08203234523534775,-1.4364335536956787,0.06349561115105946,1e-05,0.0047002994,-0.013884802659352621,1392,0.2,0.016927083333333332,15.143788655598959,-0.021811947226524353,800.0,0.62,1452.7846388599999,0.22,800.0,0.7411875000000001,0.22,1452.7846388599999,0.48
1216,157780,88,421,0.08203203976154327,0.4263647794723511,0.047562344620625176,1e-05,0.011851518,-0.008689467096701264,1395,0.2,0.06510416666666667,15.143875439961752,0.005098966881632805,800.0,0.62,1452.7846388599999,0.22,800.0,0.7411875000000001,0.22,1452.7846388599999,0.48
1216,158036,88,422,0.08203164488077164,0.20631545782089233,0.05247763109703859,1e-05,0.011832758,-0.01416986109688878,1398,0.2,0.061197916666666664,15.143920262654623,-0.0017765983939170837,800.0,0.63,1446.08294841,0.22,800.0,0.7395875,0.22,1446.08294841,0.49
1217,158292,88,423,0.08203113824129105,0.19531893730163574,0.06645031335453193,1e-05,0.007931104,-0.009779505586872498,1401,0.2,0.037760416666666664,15.144004980723063,0.0067352354526519775,800.0,0.63,1446.08294841,0.22,800.0,0.7395875,0.22,1446.08294841,0.49
1217,158548,89,424,0.08203114569187164,0.3352152705192566,0.07445022761821747,1e-05,0.015081531,-0.00925227664411068,1404,0.2,0.078125,15.14405574798584,0.014600029215216637,800.0,0.63,1446.08294841,0.22,800.0,0.7395875,0.22,1446.08294841,0.49
1217,158804,89,425,0.08203130215406418,-0.7772992849349976,0.011019950034096837,1e-05,0.013892749,-0.018119243206456304,1406,0.2,0.109375,15.144036769866943,-0.01882058009505272,800.0,0.63,1441.57772574,0.23,800.0,0.7388999999999999,0.23,1441.57772574,0.49
1217,159060,89,426,0.0820314884185791,0.572655200958252,0.05076918676495552,1e-05,0.018608907,-0.011428823322057724,1409,0.2,0.1234375,15.144009780883788,-0.009472455829381943,800.0,0.63,1441.57772574,0.23,800.0,0.7388999999999999,0.23,1441.57772574,0.49
1217,159316,89,427,0.08203164488077164,-15.825698852539062,0.04021830142786106,1e-05,0.0050281747,-0.009132545130948225,1412,0.2,0.013020833333333334,15.14397637049357,-0.0007774624973535538,800.0,0.63,1441.57772574,0.23,800.0,0.7388999999999999,0.23,1441.57772574,0.49
1217,159572,90,428,0.08203180879354477,0.7751823663711548,0.10528987646102905,1e-05,0.011382143,-0.021122154779732227,1415,0.2,0.0703125,15.143962542215982,0.004463262856006622,800.0,0.63,1441.57772574,0.23,800.0,0.7388999999999999,0.23,1441.57772574,0.49
1216,159828,90,429,0.08203190565109253,0.6539092063903809,0.031448553005854286,1e-05,0.016048096,-0.011449680974086126,1418,0.2,0.09765625,15.143925507863363,-0.008302951231598854,800.0,0.64,1448.43585165,0.23,800.0,0.7431874999999998,0.23,1448.43585165,0.5
1216,160084,90,430,0.08203207701444626,-0.4825493097305298,0.038008543041845165,1e-05,0.01839697,-0.014552165443698565,1421,0.2,0.11067708333333333,15.143911997477213,-0.010241134092211723,800.0,0.64,1448.43585165,0.23,800.0,0.7431874999999998,0.23,1448.43585165,0.5
1216,160340,90,431,0.08203212171792984,-7.0936479568481445,0.005449983446548383,1e-05,0.011727599,-0.007784077587227027,1424,0.2,0.0703125,15.143879731496176,-0.013198161497712135,800.0,0.64,1448.43585165,0.23,800.0,0.7431874999999998,0.23,1448.43585165,0.5
1216,160596,90,432,0.08203218132257462,-13.174433708190918,0.004345969219381611,1e-05,0.013031782,-0.0006122601528962454,1427,0.2,0.09375,15.143884817759195,-0.00024100346490740776,800.0,0.64,1445.10772916,0.24,800.0,0.7432374999999999,0.24,1445.10772916,0.5
1216,160852,91,433,0.08203224092721939,0.16038131713867188,0.24342206120491028,1e-05,0.010501211,-0.020280593695739906,1430,0.2,0.055989583333333336,15.143860022226969,0.0760815441608429,800.0,0.64,1445.10772916,0.24,800.0,0.7432374999999999,0.24,1445.10772916,0.5
1216,161108,91,434,0.08203168958425522,0.4132533669471741,0.07097184223433335,1e-05,0.0067200414,-0.012608212263633808,1433,0.2,0.0234375,15.14389435450236,0.00948140025138855,800.0,0.64,1445.10772916,0.24,800.0,0.7432374999999999,0.24,1445.10772916,0.5
1216,161364,91,435,0.08203111588954926,0.3937569856643677,0.07118255645036697,1e-05,0.013503908,-0.01922525993237893,1436,0.2,0.07291666666666667,15.144009749094645,0.00019718706607818604,800.0,0.65,1434.9612829,0.23,800.0,0.7390125000000001,0.23,1434.9612829,0.51
1216,161620,91,436,0.08203097432851791,0.32451075315475464,0.10222696363925934,1e-05,0.021169677,-0.020729503035545348,1439,0.2,0.0859375,15.144071960449219,-0.005548462271690369,800.0,0.65,1434.9612829,0.23,800.0,0.7390125000000001,0.23,1434.9612829,0.51
1216,161876,91,437,0.08203138411045074,-2.8854193687438965,0.006793873384594917,1e-05,0.010852041,-0.007041225054611762,1442,0.2,0.06770833333333333,15.144057591756185,-0.01511822547763586,800.0,0.65,1434.9612829,0.23,800.0,0.7390125000000001,0.23,1434.9612829,0.51
1216,162132,92,438,0.08203200250864029,0.36731016635894775,0.0766412504017353,1e-05,0.013408649,-0.019484202687939007,1445,0.2,0.07552083333333333,15.143958250681559,-0.02004401385784149,800.0,0.66,1430.0186160799997,0.24,800.0,0.7379375,0.24,1430.0186160799997,0.52
1216,162388,92,439,0.0820319727063179,-27.74680519104004,0.03924604691565037,1e-05,0.0061361734,-0.00653369336699446,1448,0.2,0.026041666666666668,15.143893559773764,-0.002163473516702652,800.0,0.66,1430.0186160799997,0.24,800.0,0.7379375,0.24,1430.0186160799997,0.52
1216,162644,92,440,0.08203177899122238,0.4225689768791199,0.07533903568983077,1e-05,0.017707363,-0.016760535165667535,1451,0.2,0.075,15.143929862976075,0.0031014420092105865,800.0,0.66,1430.0186160799997,0.24,800.0,0.7379375,0.24,1430.0186160799997,0.52
1216,162900,92,441,0.08203165978193283,0.48225581645965576,0.061741550266742704,1e-05,0.01849012,-0.016775546222925188,1454,0.2,0.096875,15.143953704833985,0.0005236752331256866,800.0,0.66,1425.94032601,0.23,800.0,0.736925,0.23,1425.94032601,0.52
1216,163156,93,442,0.08203151077032089,0.034942686557769775,0.15643636584281922,1e-05,0.016563052,-0.020962593145668507,1457,0.2,0.059375,15.143975257873535,0.0515868216753006,800.0,0.66,1425.94032601,0.23,800.0,0.736925,0.23,1425.94032601,0.52
1216,163412,93,443,0.08203111588954926,-0.6254211664199829,0.16917077700297037,1e-05,0.01074709,-0.013744507916271687,1460,0.2,0.06640625,15.144012769063314,0.05898062139749527,800.0,0.66,1425.94032601,0.23,800.0,0.736925,0.23,1425.94032601,0.52
1216,163668,93,444,0.08203089982271194,-2.795487880706787,0.3736173868179321,1e-05,0.015923228,-0.014731322601437568,1463,0.2,0.0703125,15.144075775146485,0.15457308292388916,800.0,0.67,1407.8537794000001,0.23,800.0,0.72795,0.23,1407.8537794000001,0.52
1216,163924,93,445,0.08203093707561493,-0.2704254388809204,0.22057496905326843,1e-05,0.020429868,-0.02458442747592926,1466,0.2,0.1,15.144094467163086,0.04662983864545822,800.0,0.67,1407.8537794000001,0.23,800.0,0.72795,0.23,1407.8537794000001,0.52
1216,164180,93,446,0.08203128725290298,0.37954550981521606,0.06224578681091467,1e-05,0.007643653,-0.015969897309939068,1469,0.2,0.01953125,15.144065539042154,-0.004662143066525459,800.0,0.67,1407.8537794000001,0.23,800.0,0.72795,0.23,1407.8537794000001,0.52
1216,164436,94,447,0.08203145116567612,0.6039016246795654,0.04823664575815201,1e-05,0.016686205,-0.019157486657301586,1472,0.2,0.10677083333333333,15.144009908040365,-0.010257810354232788,800.0,0.68,1403.90007408,0.23,800.0,0.7276750000000001,0.23,1403.90007408,0.53
1216,164692,94,448,0.0820312350988388,0.3508235216140747,0.01210338668897748,1e-05,0.016663998,-0.014421555834511915,1475,0.2,0.11067708333333333,15.144012769063314,-0.012960259802639484,800.0,0.68,1403.90007408,0.23,800.0,0.7276750000000001,0.23,1403.90007408,0.53
1216,164948,94,449,0.08203098922967911,-1.9613866806030273,0.009267612670858702,1e-05,0.01860901,-0.01128636859357357,1478,0.2,0.12109375,15.144059340159098,-0.01671793684363365,800.0,0.68,1403.90007408,0.23,800.0,0.7276750000000001,0.23,1403.90007408,0.53
1215,165204,94,450,0.08203102648258209,-7.719603538513184,0.005989643558859825,1e-05,0.018771566,-0.0037135794758796693,1481,0.2,0.1140625,15.144078254699707,-0.0011196918785572052,800.0,0.69,1398.8920211100003,0.23,800.0,0.7264875000000001,0.23,1398.8920211100003,0.54
1215,165460,94,451,0.0820310115814209,0.3763768672943115,0.07980052630106609,1e-05,0.010415177,-0.016950116182367008,1484,0.2,0.055989583333333336,15.14406712849935,0.001471247524023056,800.0,0.69,1398.8920211100003,0.23,800.0,0.7264875000000001,0.23,1398.8920211100003,0.54
1215,165716,95,452,0.08203055709600449,0.3024623990058899,0.10519241914153099,1e-05,0.013617816,-0.01730911061167717,1487,0.2,0.08984375,15.14410654703776,0.016160663217306137,800.0,0.69,1398.8920211100003,0.23,800.0,0.7264875000000001,0.23,1398.8920211100003,0.54
1215,165972,95,453,0.08203041553497314,-1.868872880935669,0.007976573038225373,1e-05,0.011657873,-0.002873704923937718,1490,0.2,0.078125,15.144172509511312,-0.002540889196097851,800.0,0.69,1398.8920211100003,0.23,800.0,0.7264875000000001,0.23,1398.8920211100003,0.54
1214,166228,95,454,0.08203114569187164,-14.875579833984375,0.005295878741890192,1e-05,0.013216786,-0.005668428416053454,1493,0.2,0.07421875,15.144124984741211,0.002374654868617654,800.0,0.7,1396.6205775199996,0.24,800.0,0.7272124999999999,0.24,1396.6205775199996,0.55
1214,166484,95,455,0.08203157037496567,0.11235129833221436,0.032529492303729056,1e-05,0.015807342,-0.012254586443305016,1496,0.2,0.071875,15.144007110595703,-0.0085082296282053,800.0,0.7,1396.6205775199996,0.24,800.0,0.7272124999999999,0.24,1396.6205775199996,0.55
1214,166740,96,456,0.08203166723251343,-8.623226165771484,0.004834040766581893,1e-05,0.015304985,-0.012915272576113542,1499,0.2,0.09375,15.143967628479004,-0.010837948881089687,800.0,0.7,1396.6205775199996,0.24,800.0,0.7272124999999999,0.24,1396.6205775199996,0.55
1214,166996,96,457,0.08203164488077164,-7.996123313903809,0.004460597597062588,1e-05,0.0196885,-0.002633807435631752,1502,0.2,0.11875,15.143965339660644,0.0013858024030923843,800.0,0.71,1394.12100125,0.25,800.0,0.726825,0.25,1394.12100125,0.56
1214,167252,96,458,0.0820319652557373,0.07829946279525757,0.10339183857043584,1e-05,0.017251667,-0.010701486530403296,1505,0.2,0.09895833333333333,15.143944899241129,0.025616496801376343,800.0,0.71,1394.12100125,0.25,800.0,0.726825,0.25,1394.12100125,0.56
1214,167508,96,459,0.0820322260260582,0.6810071468353271,0.057406999791661896,1e-05,0.012422273,-0.009384330827742815,1508,0.2,0.09635416666666667,15.143887678782145,0.021216467022895813,800.0,0.71,1394.12100125,0.25,800.0,0.726825,0.25,1394.12100125,0.56
1214,167764,96,460,0.08203254640102386,-0.1675281524658203,0.011312380898743868,1e-05,0.015846884,-0.012088543735444546,1511,0.2,0.09765625,15.143843173980713,-0.0014290031976997852,800.0,0.71,1391.95182934,0.25,800.0,0.7265875000000002,0.25,1391.95182934,0.56
1214,168020,97,461,0.08203290402889252,0.1381455659866333,0.2530676335096359,1e-05,0.018237678,-0.017231013253331186,1514,0.2,0.084375,15.143785858154297,0.07190290093421936,800.0,0.71,1391.95182934,0.25,800.0,0.7265875000000002,0.25,1391.95182934,0.56
1214,168276,97,462,0.08203302323818207,-1.059490442276001,0.3442786733309428,1e-05,0.016777536,-0.024616303232808907,1517,0.2,0.07552083333333333,15.143735408782959,0.13825474679470062,800.0,0.71,1391.95182934,0.25,800.0,0.7265875000000002,0.25,1391.95182934,0.56
1214,168532,97,463,0.08203296363353729,-5.206045150756836,0.008805606048554182,1e-05,0.0144150425,-0.0054415371268987656,1520,0.2,0.07552083333333333,15.143734137217203,0.0008130110800266266,800.0,0.71,1392.3743645099999,0.26,800.0,0.7274750000000002,0.26,1392.3743645099999,0.56
1214,168788,97,464,0.0820327177643776,-0.21779358386993408,0.0754036537061135,1e-05,0.014688598,-0.020376985426992178,1523,0.2,0.10286458333333333,15.143759568532309,-0.0030608773231506348,800.0,0.71,1392.3743645099999,0.26,800.0,0.7274750000000002,0.26,1392.3743645099999,0.56
1214,169044,98,465,0.08203238993883133,0.6860132217407227,0.061014171689748764,1e-05,0.010966829,-0.014589788702627024,1526,0.2,0.037760416666666664,15.143807729085287,0.0013078413903713226,800.0,0.71,1392.3743645099999,0.26,800.0,0.7274750000000002,0.26,1392.3743645099999,0.56
1214,169300,98,466,0.08203208446502686,0.47960352897644043,0.010705144610255957,1e-05,0.01054938,-0.01001318140576283,1529,0.2,0.0625,15.143860658009848,-0.012132996693253517,800.0,0.72,1389.7756118599998,0.27,800.0,0.7264250000000001,0.27,1389.7756118599998,0.57
1214,169556,98,467,0.08203161507844925,-14.127960205078125,0.039466590931018196,1e-05,0.010557165,-0.010722162124390403,1532,0.2,0.0625,15.1439208984375,-0.0066941119730472565,800.0,0.72,1389.7756118599998,0.27,800.0,0.7264250000000001,0.27,1389.7756118599998,0.57
1214,169812,98,468,0.08203146606683731,0.6297812461853027,0.048490391671657564,1e-05,0.017152797,-0.02148045040667057,1535,0.2,0.075,15.143988609313965,-0.02579987607896328,800.0,0.72,1389.7756118599998,0.27,800.0,0.7264250000000001,0.27,1389.7756118599998,0.57
1214,170068,98,469,0.08203140646219254,0.45803213119506836,0.07058667205274105,1e-05,0.0077648005,-0.0030992707858482995,1538,0.2,0.044270833333333336,15.143998146057129,0.019085656851530075,800.0,0.72,1388.3743115199998,0.28,800.0,0.7259625000000001,0.28,1388.3743115199998,0.57
1214,170324,99,470,0.08203142136335373,-25.880460739135742,0.042575349720815815,1e-05,0.018230751,-0.011225593586762747,1541,0.2,0.11848958333333333,15.144007364908854,0.0033826734870672226,800.0,0.72,1388.3743115199998,0.28,800.0,0.7259625000000001,0.28,1388.3743115199998,0.57
1214,170580,99,471,0.08203145116567612,0.5360848903656006,0.06629182336231072,1e-05,0.013715808,-0.012823606530825296,1544,0.2,0.08723958333333333,15.143999099731445,0.017612405121326447,800.0,0.72,1388.3743115199998,0.28,800.0,0.7259625000000001,0.28,1388.3743115199998,0.57
1214,170836,99,472,0.08203144371509552,0.529807984828949,0.06264961076279481,1e-05,0.018096067,-0.017275722076495487,1547,0.2,0.11197916666666667,15.143998622894287,0.010633733123540878,800.0,0.72,1389.4121704799995,0.28,800.0,0.7276875000000002,0.28,1389.4121704799995,0.57
1214,171092,99,473,0.08203145116567612,0.2784906029701233,0.13653197512030602,1e-05,0.014910067,-0.018858657994618017,1550,0.2,0.078125,15.14399782816569,0.020990770310163498,800.0,0.72,1389.4121704799995,0.28,800.0,0.7276875000000002,0.28,1389.4121704799995,0.57
1214,171348,99,474,0.08203154802322388,-0.7270079851150513,0.22994066774845123,1e-05,0.016304988,-0.024868488311767578,1553,0.2,0.065625,15.143991851806641,0.053516875952482224,800.0,0.72,1389.4121704799995,0.28,800.0,0.7276875000000002,0.28,1389.4121704799995,0.57
1214,171604,100,475,0.08203145116567612,-0.9428448677062988,0.1767078066865603,1e-05,0.019142617,-0.026112853238979977,1556,0.2,0.10286458333333333,15.143987814585367,0.030416160821914673,800.0,0.72,1380.3512397899997,0.28,800.0,0.7231875,0.28,1380.3512397899997,0.57
1214,171860,100,476,0.08203154802322388,-0.7752699851989746,0.011661047115921974,1e-05,0.0089364825,-0.004480422164003055,1559,0.2,0.05078125,15.143999417622885,-0.005757557228207588,800.0,0.72,1380.3512397899997,0.28,800.0,0.7231875,0.28,1380.3512397899997,0.57
1214,172116,100,477,0.08203188329935074,0.3032187819480896,0.1053062453866005,1e-05,0.007351853,-0.01113530279447635,1562,0.2,0.033854166666666664,15.143959045410156,0.0248122401535511,800.0,0.72,1380.3512397899997,0.28,800.0,0.7231875,0.28,1380.3512397899997,0.57
1214,172372,100,478,0.08203195035457611,0.6059389114379883,0.04511100985109806,1e-05,0.013864422,-0.009394147103497138,1565,0.2,0.08984375,15.143916447957357,0.0044256094843149185,800.0,0.72,1380.3512397899997,0.28,800.0,0.7231875,0.28,1380.3512397899997,0.57
1214,172628,100,479,0.08203236758708954,0.40145665407180786,0.07109209522604942,1e-05,0.012151622,-0.014468123981108269,1568,0.2,0.05859375,15.14389181137085,0.018559813499450684,800.0,0.72,1378.1415272899999,0.29,800.0,0.7232125,0.29,1378.1415272899999,0.57
1214,172884,101,480,0.08203259855508804,0.2749759554862976,0.12524965653816858,1e-05,0.014940979,-0.01826397981494665,1571,0.2,0.08333333333333333,15.143820444742838,0.025525439530611038,800.0,0.72,1378.1415272899999,0.29,800.0,0.7232125,0.29,1378.1415272899999,0.57
1214,173140,101,481,0.0820327177643776,0.34846168756484985,0.1201566072801749,1e-05,0.015968032,-0.017836164062221844,1574,0.2,0.10026041666666667,15.143792788187662,0.025354716926813126,800.0,0.72,1378.1415272899999,0.29,800.0,0.7232125,0.29,1378.1415272899999,0.57
1214,173396,101,482,0.08203289657831192,0.43080276250839233,0.12726030349731446,1e-05,0.021515433,-0.01875938419252634,1577,0.2,0.0921875,15.143770217895508,0.032325178384780884,800.0,0.72,1385.55254767,0.29,800.0,0.7279625,0.29,1385.55254767,0.58
1214,173652,101,483,0.0820329412817955,0.35162240266799927,0.149275374909242,1e-05,0.017973168,-0.024936885572969913,1580,0.2,0.09635416666666667,15.14374574025472,0.021856393665075302,800.0,0.72,1385.55254767,0.29,800.0,0.7279625,0.29,1385.55254767,0.58
1214,173908,102,484,0.08203284442424774,0.5793912410736084,0.11078240225712459,1e-05,0.015882028,-0.017523649459083874,1583,0.2,0.09244791666666667,15.143755118052164,0.027222003787755966,800.0,0.72,1385.55254767,0.29,800.0,0.7279625,0.29,1385.55254767,0.58
1213,174164,102,485,0.0820327177643776,0.7354512810707092,0.04972617253661156,1e-05,0.021574836,-0.012622991669923067,1586,0.2,0.1140625,15.143767356872559,-0.002625470981001854,800.0,0.72,1381.8423359500002,0.3,800.0,0.7267,0.3,1381.8423359500002,0.58
1213,174420,102,486,0.08203228563070297,-0.5488166809082031,0.05313526466488838,1e-05,0.013746887,-0.017428614820043247,1589,0.2,0.0703125,15.143817901611328,-0.017233677208423615,800.0,0.72,1381.8423359500002,0.3,800.0,0.7267,0.3,1381.8423359500002,0.58
1213,174676,102,487,0.08203145116567612,0.4531426429748535,0.05046112214525541,1e-05,0.007945741,-0.017515557818114758,1592,0.2,0.036458333333333336,15.143911361694336,-0.005201185122132301,800.0,0.72,1381.8423359500002,0.3,800.0,0.7267,0.3,1381.8423359500002,0.58
1213,174932,102,488,0.08203087747097015,0.4608726501464844,0.050145708645383515,1e-05,0.0095676435,-0.012555809381107489,1595,0.2,0.046875,15.144046306610107,0.006965085864067078,800.0,0.72,1390.8293448400002,0.3,800.0,0.7329000000000001,0.3,1390.8293448400002,0.59
1213,175188,103,489,0.08203107118606567,0.1541321873664856,0.09124531224370003,1e-05,0.01178113,-0.016080445998037856,1598,0.2,0.06380208333333333,15.144086996714273,0.01956360787153244,800.0,0.72,1390.8293448400002,0.3,800.0,0.7329000000000001,0.3,1390.8293448400002,0.59
1213,175444,103,490,0.08203168958425522,-0.6988973617553711,0.13859761009613672,1e-05,0.019937461,-0.02167905867099762,1601,0.2,0.10546875,15.144013245900473,0.026246048510074615,800.0,0.72,1390.8293448400002,0.3,800.0,0.7329000000000001,0.3,1390.8293448400002,0.59
1213,175700,103,491,0.08203216642141342,0.3512331247329712,0.09309919426838557,1e-05,0.013581482,-0.013883930630981922,1604,0.2,0.07942708333333333,15.143915494283041,0.02846330776810646,800.0,0.72,1391.50204493,0.3,800.0,0.734775,0.3,1391.50204493,0.6
1213,175956,103,492,0.08203259855508804,-0.33586132526397705,0.12741893529891968,1e-05,0.014081111,-0.010295181069523096,1607,0.2,0.08463541666666667,15.143837928771973,0.04568595439195633,800.0,0.72,1391.50204493,0.3,800.0,0.734775,0.3,1391.50204493,0.6
1213,176212,103,493,0.08203277736902237,0.30791544914245605,0.09490261102716128,1e-05,0.011572659,-0.017936541388432186,1610,0.2,0.06510416666666667,15.14378293355306,0.0012668110430240631,800.0,0.72,1391.50204493,0.3,800.0,0.734775,0.3,1391.50204493,0.6
1213,176468,104,494,0.08203280717134476,0.4730842709541321,0.08017693956693013,1e-05,0.013092536,-0.01455821298683683,1613,0.2,0.07552083333333333,15.143770694732666,0.01933380961418152,800.0,0.72,1396.5565883200002,0.3,800.0,0.7381125000000002,0.3,1396.5565883200002,0.61
1213,176724,104,495,0.08203278481960297,0.1804632544517517,0.07727635130286217,1e-05,0.022316318,-0.02300519458949566,1616,0.2,0.0921875,15.143768692016602,-0.0169178806245327,800.0,0.72,1396.5565883200002,0.3,800.0,0.7381125000000002,0.3,1396.5565883200002,0.61
1213,176980,104,496,0.0820324569940567,-0.15265703201293945,0.03975047046939532,1e-05,0.009545651,-0.0069168393189708395,1619,0.2,0.045572916666666664,15.143785317738852,-0.002798561006784439,800.0,0.72,1396.5565883200002,0.3,800.0,0.7381125000000002,0.3,1396.5565883200002,0.61
1213,177236,104,497,0.08203191310167313,-5.871270656585693,0.016402333974838257,1e-05,0.01501029,-0.009546714089810848,1622,0.2,0.0671875,15.14387321472168,-0.014539041556417942,800.0,0.72,1398.5363732899998,0.3,800.0,0.7406625,0.3,1398.5363732899998,0.61
1213,177492,105,498,0.08203040063381195,-5.663531303405762,0.034176239743828773,1e-05,0.011118243,-0.0017610078987975915,1625,0.2,0.06901041666666667,15.144014517466227,0.014083351008594036,800.0,0.72,1398.5363732899998,0.3,800.0,0.7406625,0.3,1398.5363732899998,0.61
1213,177748,105,499,0.08202924579381943,-6.752468109130859,0.011319687124341726,1e-05,0.017531343,-0.009595117376496395,1628,0.2,0.09895833333333333,15.144283771514893,0.004718841519206762,800.0,0.72,1398.5363732899998,0.3,800.0,0.7406625,0.3,1398.5363732899998,0.61
1213,178004,105,500,0.08202800899744034,0.7089049816131592,0.06817370404799779,1e-05,0.011258447,-0.012166674248874187,1631,0.2,0.06901041666666667,15.144461313883463,0.013740915805101395,800.0,0.72,1389.85411061,0.3,800.0,0.7364625000000001,0.3,1389.85411061,0.6
1213,178260,105,501,0.0820271298289299,-2.191110372543335,0.025094316030542057,1e-05,0.01431776,-0.009458414589365324,1634,0.2,0.09244791666666667,15.144666194915771,-0.01745479181408882,800.0,0.72,1389.85411061,0.3,800.0,0.7364625000000001,0.3,1389.85411061,0.6
1213,178516,105,502,0.08202636986970901,-15.552591323852539,0.04085325294484695,1e-05,0.008860322,-0.008817157397667566,1637,0.2,0.040364583333333336,15.14479430516561,-0.007515294477343559,800.0,0.72,1389.85411061,0.3,800.0,0.7364625000000001,0.3,1389.85411061,0.6
1213,178772,106,503,0.0820259377360344,0.49848300218582153,0.058002286280194916,1e-05,0.01633979,-0.017155859308938187,1640,0.2,0.10026041666666667,15.144904613494873,-0.006271526217460632,800.0,0.72,1389.85411061,0.3,800.0,0.7364625000000001,0.3,1389.85411061,0.6
1213,179028,106,504,0.08202559500932693,-6.079148292541504,0.008869521785527468,1e-05,0.015042728,-0.003150081572433313,1643,0.2,0.09114583333333333,15.144967714945475,-0.014668041840195656,800.0,0.72,1395.84378561,0.31,800.0,0.7414499999999998,0.31,1395.84378561,0.61
1213,179284,106,505,0.08202551305294037,0.6118057370185852,0.1025885281463464,1e-05,0.020189764,-0.02460767390827338,1646,0.2,0.09895833333333333,15.145011901855469,0.007044203579425812,800.0,0.72,1395.84378561,0.31,800.0,0.7414499999999998,0.31,1395.84378561,0.61
1213,179540,106,506,0.08202540129423141,-0.4345625638961792,0.10001007964213689,1e-05,0.006397495,-0.011069721542298794,1649,0.2,0.022135416666666668,15.14501667022705,0.0282828938215971,800.0,0.72,1395.84378561,0.31,800.0,0.7414499999999998,0.31,1395.84378561,0.61
1213,179796,106,507,0.08202532678842545,-1.305734395980835,0.012580887181684375,1e-05,0.012980221,-0.012719114311039448,1651,0.2,0.099609375,15.145039081573486,-0.006553501822054386,800.0,0.73,1381.0173816299998,0.31,800.0,0.7330125000000001,0.31,1381.0173816299998,0.62
1213,180052,107,508,0.08202480524778366,0.42190301418304443,0.13901393363873163,1e-05,0.012970263,-0.008941811664650837,1654,0.2,0.09244791666666667,15.145072778066,0.04427357017993927,800.0,0.73,1381.0173816299998,0.31,800.0,0.7330125000000001,0.31,1381.0173816299998,0.62
1213,180308,107,509,0.08202420920133591,0.44090330600738525,0.07279736362397671,1e-05,0.0077380356,-0.011181471403688192,1657,0.2,0.03515625,15.145180066426596,0.014157269150018692,800.0,0.73,1381.0173816299998,0.31,800.0,0.7330125000000001,0.31,1381.0173816299998,0.62
1213,180564,107,510,0.0820237472653389,0.08400744199752808,0.1294061876833439,1e-05,0.017134365,-0.01945650391280651,1660,0.2,0.10677083333333333,15.14527177810669,0.01830814778804779,800.0,0.73,1387.69383423,0.31,800.0,0.737325,0.31,1387.69383423,0.63
1213,180820,107,511,0.08202340453863144,0.7037749886512756,0.05287286266684532,1e-05,0.016744267,-0.015000855922698975,1663,0.2,0.071875,15.145343017578124,0.0007430445402860641,800.0,0.73,1387.69383423,0.31,800.0,0.737325,0.31,1387.69383423,0.63
1213,181076,107,512,0.08202235400676727,0.335862398147583,0.09867902472615242,1e-05,0.011572745,-0.009145507588982582,1666,0.2,0.06380208333333333,15.145435174306234,0.019442953169345856,800.0,0.73,1387.69383423,0.31,800.0,0.737325,0.31,1387.69383423,0.63
1213,181332,108,513,0.08202119916677475,-0.27938902378082275,0.09008311356107394,1e-05,0.007740493,-0.013691369444131851,1669,0.2,0.026041666666666668,15.14564069112142,0.020344942808151245,800.0,0.74,1377.44464755,0.31,800.0,0.7317875,0.31,1377.44464755,0.63
1213,181588,108,514,0.08202076703310013,0.17624342441558838,0.06419302212695281,1e-05,0.014176515,-0.020362561258176964,1672,0.2,0.07552083333333333,15.145795504252115,-0.00534973107278347,800.0,0.74,1377.44464755,0.31,800.0,0.7317875,0.31,1377.44464755,0.63
1213,181844,108,515,0.08202070742845535,-2.561988353729248,0.012766095343977213,1e-05,0.012262093,-0.011488161981105804,1674,0.2,0.08984375,15.145829677581787,-0.02775190770626068,800.0,0.74,1377.44464755,0.31,800.0,0.7317875,0.31,1377.44464755,0.63
1213,182100,108,516,0.08202051371335983,-5.7789812088012695,0.011683875229209661,1e-05,0.015248803,-0.0049193548038601875,1677,0.2,0.12369791666666667,15.145847956339518,0.002414642833173275,800.0,0.74,1387.8354339,0.32,800.0,0.7392500000000001,0.32,1387.8354339,0.63
1213,182356,109,517,0.08202002197504044,-16.7584285736084,0.04307567030191421,1e-05,0.015397169,-0.007619783096015453,1680,0.2,0.0796875,15.145903396606446,0.009468814358115196,800.0,0.74,1387.8354339,0.32,800.0,0.7392500000000001,0.32,1387.8354339,0.63
1213,182612,109,518,0.08201927691698074,0.635701596736908,0.07998198022445042,1e-05,0.01215186,-0.011591482907533646,1683,0.2,0.06901041666666667,15.146005789438883,0.012772511690855026,800.0,0.74,1387.8354339,0.32,800.0,0.7392500000000001,0.32,1387.8354339,0.63
1213,182868,109,519,0.08201881498098373,-7.197078704833984,0.012095775082707405,1e-05,0.019567434,-0.011724708043038845,1686,0.2,0.0921875,15.146117401123046,-0.018654393032193184,800.0,0.75,1375.1702813800002,0.32,800.0,0.7312875000000001,0.32,1375.1702813800002,0.63
1213,183124,109,520,0.0820186659693718,-0.2034759521484375,0.061032967269420625,1e-05,0.025996983,-0.014595967717468739,1689,0.2,0.1359375,15.146172904968262,-0.012390254065394402,800.0,0.75,1375.1702813800002,0.32,800.0,0.7312875000000001,0.32,1375.1702813800002,0.63
1213,183380,109,521,0.08201874047517776,-2.4565205574035645,0.02464552689343691,1e-05,0.016370306,-0.012844677393635115,1692,0.2,0.08984375,15.146175702412924,-0.002494020387530327,800.0,0.75,1375.1702813800002,0.32,800.0,0.7312875000000001,0.32,1375.1702813800002,0.63
1213,183636,110,522,0.08201871067285538,-7.178667068481445,0.01052516931667924,1e-05,0.013910455,-0.009523652726784348,1694,0.2,0.119140625,15.14617133140564,-0.004593583755195141,800.0,0.76,1360.21309932,0.31,800.0,0.7216374999999999,0.31,1360.21309932,0.63
1213,183892,110,523,0.08201873302459717,0.7094846963882446,0.03482993645593524,1e-05,0.013417422,-0.0011092675849795341,1696,0.2,0.10546875,15.14617371559143,0.010131695307791233,800.0,0.76,1360.21309932,0.31,800.0,0.7216374999999999,0.31,1360.21309932,0.63
1214,184148,110,524,0.08201869577169418,-9.999446868896484,0.013367538650830587,1e-05,0.007847842,-0.004250981534520785,1699,0.2,0.040364583333333336,15.14616616566976,-0.0012853946536779404,800.0,0.76,1360.21309932,0.31,800.0,0.7216374999999999,0.31,1360.21309932,0.63
1213,184404,110,525,0.08201847970485687,-4.040910243988037,0.010191121449073156,1e-05,0.018032407,-0.01411774568259716,1702,0.2,0.11197916666666667,15.146196842193604,-0.018151462078094482,800.0,0.75,1359.50262723,0.32,800.0,0.7224375,0.32,1359.50262723,0.62
1214,184660,110,526,0.08201830089092255,-9.590557098388672,0.009745621681213379,1e-05,0.017042032,-0.0006919879466295243,1705,0.2,0.084375,15.14622859954834,0.006749657914042473,800.0,0.75,1359.50262723,0.32,800.0,0.7224375,0.32,1359.50262723,0.62
1214,184916,111,527,0.08201819658279419,-0.07008349895477295,0.29711322486400604,1e-05,0.014138469,-0.02459740297247966,1708,0.2,0.07291666666666667,15.146255016326904,0.09632909297943115,800.0,0.75,1359.50262723,0.32,800.0,0.7224375,0.32,1359.50262723,0.62
1214,185172,111,528,0.08201798051595688,0.5544596910476685,0.05256842076778412,1e-05,0.012969294,-0.018339957265804212,1711,0.2,0.07291666666666667,15.146276156107584,-0.01670483872294426,800.0,0.75,1359.50262723,0.32,800.0,0.7224375,0.32,1359.50262723,0.62
1214,185428,111,529,0.08201754838228226,0.5017764568328857,0.06470285952091218,1e-05,0.021000782,-0.012006152793765068,1714,0.2,0.1140625,15.146331787109375,0.016536273062229156,800.0,0.76,1352.67120007,0.32,800.0,0.7199125000000001,0.32,1352.67120007,0.63
1214,185684,111,530,0.08201701194047928,-1.4060640335083008,0.056325103342533114,1e-05,0.016178189,-0.010866505838930608,1717,0.2,0.06875,15.146417999267578,-0.0010582152754068375,800.0,0.76,1352.67120007,0.32,800.0,0.7199125000000001,0.32,1352.67120007,0.63
1214,185940,111,531,0.08201665431261063,-3.815406322479248,0.012343335896730423,1e-05,0.021923874,-0.0070255791768431665,1720,0.2,0.1109375,15.146497344970703,-0.0034863343462347984,800.0,0.76,1352.67120007,0.32,800.0,0.7199125000000001,0.32,1352.67120007,0.63
1214,186196,112,532,0.0820164680480957,-6.979238033294678,0.012188127962872386,1e-05,0.011977624,-7.465388625860214e-05,1722,0.2,0.080078125,15.146543025970459,-0.0005076234228909016,800.0,0.75,1350.77975706,0.32,800.0,0.7190625,0.32,1350.77975706,0.63
1214,186452,112,533,0.0820164605975151,0.8749014735221863,0.03594412126888832,1e-05,0.016941998,-0.013047640677541494,1725,0.2,0.10807291666666667,15.146562417348227,-0.0012790132313966751,800.0,0.75,1350.77975706,0.32,800.0,0.7190625,0.32,1350.77975706,0.63
1214,186708,112,534,0.08201655000448227,0.7320984601974487,0.07104546502232552,1e-05,0.018833356,-0.00964774489402771,1728,0.2,0.096875,15.146549224853516,0.01412142999470234,800.0,0.75,1350.77975706,0.32,800.0,0.7190625,0.32,1350.77975706,0.63
1214,186964,112,535,0.08201652765274048,-6.709915637969971,0.013815913116559386,1e-05,0.016401941,-0.01389152160845697,1730,0.2,0.12890625,15.146543502807617,-0.02492453157901764,800.0,0.75,1340.15879322,0.31,800.0,0.7135250000000002,0.31,1340.15879322,0.62
1214,187220,113,536,0.08201643079519272,0.5607438087463379,0.09977805018424987,1e-05,0.026764004,-0.014988379925489426,1733,0.2,0.140625,15.146553421020508,0.018194027245044708,800.0,0.75,1340.15879322,0.31,800.0,0.7135250000000002,0.31,1340.15879322,0.62
1214,187476,113,537,0.08201619237661362,0.36579424142837524,0.05186321809887886,1e-05,0.02054656,-0.014034730941057205,1736,0.2,0.1203125,15.14658088684082,0.0063111502677202225,800.0,0.75,1340.15879322,0.31,800.0,0.7135250000000002,0.31,1340.15879322,0.62
1214,187732,113,538,0.08201605081558228,-6.343568325042725,0.01155774403984348,1e-05,0.015264496,-0.0059091282698015375,1739,0.2,0.10546875,15.146619955698648,-0.006042504217475653,800.0,0.75,1343.31040105,0.32,800.0,0.717175,0.32,1343.31040105,0.62
1214,187988,113,539,0.0820159912109375,-33.340003967285156,0.03768272325396538,1e-05,0.01093838,-0.01106376782990992,1741,0.2,0.07421875,15.146631956100464,-0.00017733126878738403,800.0,0.75,1343.31040105,0.32,800.0,0.717175,0.32,1343.31040105,0.62
1214,188244,113,540,0.08201602846384048,0.15540093183517456,0.025813903659582138,1e-05,0.016805153,-0.0021593201284607253,1744,0.2,0.11588541666666667,15.146639664967855,-0.0020119547843933105,800.0,0.75,1343.31040105,0.32,800.0,0.717175,0.32,1343.31040105,0.62
1214,188500,114,541,0.08201629668474197,0.8069171905517578,0.018169480996827286,1e-05,0.012110191,-0.014432731705407301,1747,0.2,0.06510416666666667,15.146611213684082,-0.014379718340933323,800.0,0.76,1340.1097916100002,0.32,800.0,0.717175,0.32,1340.1097916100002,0.63
1214,188756,114,542,0.08201628178358078,0.23175853490829468,0.35261742273966473,1e-05,0.011413584,-0.0240102947379152,1750,0.2,0.05078125,15.14657179514567,0.1290993094444275,800.0,0.76,1340.1097916100002,0.32,800.0,0.717175,0.32,1340.1097916100002,0.63
1214,189012,114,543,0.08201595395803452,-3.995804786682129,0.023611026505629223,1e-05,0.0148097845,-0.011613073758780956,1753,0.2,0.08463541666666667,15.146616776784262,-0.007994355633854866,800.0,0.76,1340.1097916100002,0.32,800.0,0.717175,0.32,1340.1097916100002,0.63
1214,189268,114,544,0.08201576769351959,-13.516566276550293,0.015318192727863788,1e-05,0.02765113,-0.011222681775689126,1756,0.2,0.153125,15.146661758422852,-0.022514961659908295,800.0,0.76,1327.36517182,0.32,800.0,0.7095375000000002,0.32,1327.36517182,0.62
1214,189524,114,545,0.0820154994726181,-3.6976962089538574,0.12869658470153808,1e-05,0.02032898,-0.022401608526706696,1759,0.2,0.109375,15.146696853637696,0.00707133486866951,800.0,0.76,1327.36517182,0.32,800.0,0.7095375000000002,0.32,1327.36517182,0.62
1214,189780,115,546,0.08201528340578079,0.26993608474731445,0.07861752063035965,1e-05,0.0065209838,-0.012259706854820251,1762,0.2,0.01953125,15.146745681762695,0.0005842931568622589,800.0,0.76,1327.36517182,0.32,800.0,0.7095375000000002,0.32,1327.36517182,0.62
1214,190036,115,547,0.08201511204242706,0.4528767466545105,0.04028937810411056,1e-05,0.012380943,-0.012924098099271456,1765,0.2,0.053385416666666664,15.14677127202352,-0.026291701942682266,800.0,0.76,1323.9302782100003,0.32,800.0,0.7095124999999999,0.32,1323.9302782100003,0.62
1214,190292,115,548,0.08201463520526886,0.2345106601715088,0.07361592662831147,1e-05,0.010961996,-0.009416757927586636,1768,0.2,0.061197916666666664,15.146819909413656,0.004418361932039261,800.0,0.76,1323.9302782100003,0.32,800.0,0.7095124999999999,0.32,1323.9302782100003,0.62
1214,190548,115,549,0.08201400190591812,-3.6197166442871094,0.012054896137366692,1e-05,0.011448466,-0.005530997800330321,1771,0.2,0.0625,15.14691193898519,-0.010291455313563347,800.0,0.76,1323.9302782100003,0.32,800.0,0.7095124999999999,0.32,1323.9302782100003,0.62
1214,190804,115,550,0.08201366662979126,0.4489671587944031,0.061808906495571136,1e-05,0.014680684,-0.020594213468333084,1774,0.2,0.08984375,15.147011915842691,-0.015290526673197746,800.0,0.76,1335.04540464,0.32,800.0,0.7175,0.32,1335.04540464,0.63
1214,191060,116,551,0.08201348781585693,0.5485543012619019,0.048726203540960945,1e-05,0.010742156,-0.007138610351830721,1777,0.2,0.06640625,15.147047360738119,-0.0052597615867853165,800.0,0.76,1335.04540464,0.32,800.0,0.7175,0.32,1335.04540464,0.63
1214,191316,116,552,0.08201326429843903,-0.09185469150543213,0.1487818161646525,1e-05,0.018487908,-0.025051796808838844,1780,0.2,0.09505208333333333,15.147084395090738,0.013153120875358582,800.0,0.76,1335.04540464,0.32,800.0,0.7175,0.32,1335.04540464,0.63
1214,191572,116,553,0.08201338350772858,-1.2950465679168701,0.011277065984904766,1e-05,0.02046512,-0.012323994003236294,1783,0.2,0.09375,15.147098159790039,-0.01670888066291809,800.0,0.76,1335.04540464,0.32,800.0,0.7175,0.32,1335.04540464,0.63
1213,191828,116,554,0.08201365917921066,-18.959522247314453,0.009095080569386483,1e-05,0.026466716,-0.008381663635373116,1786,0.2,0.1453125,15.14705924987793,-0.011810299940407276,800.0,0.76,1347.0903540200002,0.32,800.0,0.724525,0.32,1347.0903540200002,0.64
1214,192084,117,555,0.08201374113559723,-4.650814056396484,0.35597143073876697,1e-05,0.020397937,-0.03180132620036602,1789,0.2,0.10416666666666667,15.147027810414633,0.13626570999622345,800.0,0.76,1347.0903540200002,0.32,800.0,0.724525,0.32,1347.0903540200002,0.64
1214,192340,117,556,0.08201374113559723,-5.682593822479248,0.017036498058587313,1e-05,0.014047397,-0.014190288881460825,1792,0.2,0.08984375,15.147020181020102,-0.02046150341629982,800.0,0.76,1347.0903540200002,0.32,800.0,0.724525,0.32,1347.0903540200002,0.64
1214,192596,117,557,0.08201359957456589,-2.964704751968384,0.013517552753910422,1e-05,0.022192009,-0.007315103430300951,1794,0.2,0.15625,15.14703631401062,0.0054570334032177925,800.0,0.76,1331.41939892,0.32,800.0,0.7163249999999999,0.32,1331.41939892,0.63
1214,192852,117,558,0.08201305568218231,0.7321125268936157,0.0760763306170702,1e-05,0.02277091,-0.005981554432461659,1797,0.2,0.125,15.147090276082357,0.030721182003617287,800.0,0.76,1331.41939892,0.32,800.0,0.7163249999999999,0.32,1331.41939892,0.63
1214,193108,117,559,0.08201237767934799,0.7996840476989746,0.020707992836833,1e-05,0.01600838,-0.011622641778861484,1800,0.2,0.1015625,15.147197564442953,-0.012844267301261425,800.0,0.76,1331.41939892,0.32,800.0,0.7163249999999999,0.32,1331.41939892,0.63
1214,193364,118,560,0.08201167732477188,0.4529989957809448,0.06467446684837341,1e-05,0.011327917,-0.019534920963148277,1803,0.2,0.05078125,15.147308508555094,-0.00799548253417015,800.0,0.76,1327.6301426999999,0.32,800.0,0.7159749999999999,0.32,1327.6301426999999,0.63
1214,193620,118,561,0.08201141655445099,-3.587198257446289,0.03561967834830284,1e-05,0.015732821,-0.01025295197032392,1806,0.2,0.0875,15.147397994995117,0.001778148114681244,800.0,0.76,1327.6301426999999,0.32,800.0,0.7159749999999999,0.32,1327.6301426999999,0.63
1214,193876,118,562,0.08201099932193756,0.7061485648155212,0.027162297007938225,1e-05,0.011812402,-0.009020477843781313,1809,0.2,0.06901041666666667,15.14744488398234,0.00451277568936348,800.0,0.76,1327.6301426999999,0.32,800.0,0.7159749999999999,0.32,1327.6301426999999,0.63
1214,194132,118,563,0.08201069384813309,0.7867125868797302,0.07991713533798854,1e-05,0.013458145,-0.013945656828582287,1812,0.2,0.07682291666666667,15.147517522176107,-0.00569017231464386,800.0,0.77,1318.6891957899998,0.32,800.0,0.7120249999999999,0.32,1318.6891957899998,0.64
1214,194388,118,564,0.08201003819704056,-0.24856579303741455,0.10124409571290016,1e-05,0.009214785,-0.009242998125652472,1815,0.2,0.04296875,15.147582213083902,0.013292208313941956,800.0,0.77,1318.6891957899998,0.32,800.0,0.7120249999999999,0.32,1318.6891957899998,0.64
1214,194644,119,565,0.08200966566801071,-23.959260940551758,0.016247759573161602,1e-05,0.017793272,-0.01154970210045576,1818,0.2,0.0828125,15.147690200805664,-0.020284928381443024,800.0,0.77,1318.6891957899998,0.32,800.0,0.7120249999999999,0.32,1318.6891957899998,0.64
1214,194900,119,566,0.08200951665639877,-37.68638610839844,0.01823464361950755,1e-05,0.014189169,-0.010022994945757091,1820,0.2,0.099609375,15.14773178100586,-0.011902174912393093,800.0,0.78,1301.8823048699999,0.31,800.0,0.7030124999999999,0.31,1301.8823048699999,0.64
1214,195156,119,567,0.082009457051754,-1.7340984344482422,0.1620516836643219,1e-05,0.01934499,-0.013516466692090034,1823,0.2,0.1203125,15.147749328613282,0.04071477800607681,800.0,0.78,1301.8823048699999,0.31,800.0,0.7030124999999999,0.31,1301.8823048699999,0.64
1214,195412,119,568,0.0820096954703331,0.6761652231216431,0.07363289346297582,1e-05,0.015015332,-0.018390333124746878,1826,0.2,0.1015625,15.147738933563232,-0.0021949857473373413,800.0,0.78,1301.8823048699999,0.31,800.0,0.7030124999999999,0.31,1301.8823048699999,0.64
1214,195668,119,569,0.08200974762439728,-8.594511985778809,0.011879715509712696,1e-05,0.021812513,-0.0053598033264279366,1829,0.2,0.1171875,15.147704124450684,0.0022467374801635742,800.0,0.78,1286.1831961599999,0.3,800.0,0.6945375,0.3,1286.1831961599999,0.64
1214,195924,120,570,0.08200981467962265,0.8053874969482422,0.03597940318286419,1e-05,0.012288815,-0.012496732485791048,1832,0.2,0.07682291666666667,15.147703170776367,-0.01158788613975048,800.0,0.78,1286.1831961599999,0.3,800.0,0.6945375,0.3,1286.1831961599999,0.64
1214,196180,120,571,0.08200988918542862,0.3899306058883667,0.09899145737290382,1e-05,0.012239533,-0.01687381990874807,1835,0.2,0.06380208333333333,15.147682825724283,0.008661389350891113,800.0,0.78,1286.1831961599999,0.3,800.0,0.6945375,0.3,1286.1831961599999,0.64
1214,196436,120,572,0.08200974762439728,-6.399754047393799,0.01143418966482083,1e-05,0.0138955945,-0.010461194285502037,1838,0.2,0.07552083333333333,15.147690931955973,-0.033319056034088135,800.0,0.79,1272.77479211,0.29,800.0,0.6871499999999999,0.29,1272.77479211,0.64
1214,196692,120,573,0.08200959861278534,0.5510606169700623,0.03813134009639422,1e-05,0.015905263,-0.022827772423624992,1841,0.2,0.10677083333333333,15.147717475891113,-0.03249417245388031,800.0,0.79,1272.77479211,0.29,800.0,0.6871499999999999,0.29,1272.77479211,0.64
1214,196948,120,574,0.08200982958078384,-5.157681465148926,0.24375455329815546,1e-05,0.014167157,-0.011618692893534899,1844,0.2,0.08203125,15.147723038991293,0.07291077077388763,800.0,0.79,1272.77479211,0.29,800.0,0.6871499999999999,0.29,1272.77479211,0.64
1214,197204,121,575,0.08201000839471817,-19.134620666503906,0.015232151839882135,1e-05,0.011590024,-0.01369742521395286,1847,0.2,0.06380208333333333,15.147674242655436,-0.023698287084698677,800.0,0.79,1258.7332136199998,0.28,800.0,0.6802749999999999,0.28,1258.7332136199998,0.63
1214,197460,121,576,0.08201006799936295,-5.189986228942871,0.00997780030593276,1e-05,0.014931517,-0.006003743736073375,1849,0.2,0.1171875,15.147657632827759,0.014117324724793434,800.0,0.79,1258.7332136199998,0.28,800.0,0.6802749999999999,0.28,1258.7332136199998,0.63
1214,197716,121,577,0.08201003819704056,-0.7703245878219604,0.13342888355255128,1e-05,0.017094105,-0.013446164317429066,1852,0.2,0.1078125,15.147652053833008,0.015401463955640793,800.0,0.79,1258.7332136199998,0.28,800.0,0.6802749999999999,0.28,1258.7332136199998,0.63
1214,197972,121,578,0.08201003819704056,-1.9823520183563232,0.016002333723008633,1e-05,0.012774685,-0.007780937245115638,1854,0.2,0.091796875,15.147658109664917,-0.0009462963789701462,800.0,0.79,1258.7332136199998,0.28,800.0,0.6802749999999999,0.28,1258.7332136199998,0.63
1214,198228,122,579,0.08201009035110474,-35.33369445800781,0.02147987795372804,1e-05,0.018380899,-0.013904964551329613,1856,0.2,0.11458333333333333,15.147651354471842,-0.024986285716295242,800.0,0.79,1242.3499051,0.28,800.0,0.6717624999999998,0.28,1242.3499051,0.62
1214,198484,122,580,0.08201020210981369,0.609811544418335,0.09818028286099434,1e-05,0.020892028,-0.014232368301600217,1859,0.2,0.0953125,15.147636985778808,0.02240895852446556,800.0,0.79,1242.3499051,0.28,800.0,0.6717624999999998,0.28,1242.3499051,0.62
1214,198740,122,581,0.08201029151678085,-9.941672325134277,0.009044417180120945,1e-05,0.015717305,-0.010862542688846588,1862,0.2,0.071875,15.147620964050294,-0.026893746107816696,800.0,0.79,1242.3499051,0.28,800.0,0.6717624999999998,0.28,1242.3499051,0.62
1214,198996,122,582,0.08201028406620026,-27.54087257385254,0.007757948595099151,1e-05,0.01060826,-0.005467733833938837,1864,0.2,0.076171875,15.14761233329773,-0.0016023435164242983,800.0,0.79,1227.89043744,0.28,800.0,0.6648374999999999,0.28,1227.89043744,0.62
1215,199252,122,583,0.08201026916503906,0.7727300524711609,0.05109987407922745,1e-05,0.013699878,-0.014505765866488218,1867,0.2,0.078125,15.147614479064941,0.006434625014662743,800.0,0.79,1227.89043744,0.28,800.0,0.6648374999999999,0.28,1227.89043744,0.62
1215,199508,123,584,0.08201039582490921,0.7799256443977356,0.06294990206758182,1e-05,0.01459186,-0.015808057350416977,1870,0.2,0.08072916666666667,15.14760684967041,-0.001504167914390564,800.0,0.79,1227.89043744,0.28,800.0,0.6648374999999999,0.28,1227.89043744,0.62
1215,199764,123,585,0.08201035112142563,-5.720633506774902,0.007252566671619813,1e-05,0.01523057,-0.004441287678976853,1873,0.2,0.15104166666666666,15.14759111404419,0.011361454613506794,800.0,0.8,1215.53861717,0.28,800.0,0.6581749999999998,0.28,1215.53861717,0.63
1215,200020,123,586,0.08200999349355698,0.8296024203300476,0.050224065159757934,1e-05,0.010638275,-0.01182697108015418,1876,0.2,0.061197916666666664,15.147623856862387,0.003852086141705513,800.0,0.8,1215.53861717,0.28,800.0,0.6581749999999998,0.28,1215.53861717,0.63
1215,200276,123,587,0.0820099487900734,0.48132914304733276,0.04601267911493778,1e-05,0.008955851,-0.0076675826373199625,1879,0.2,0.044270833333333336,15.147671222686768,0.0076889460906386375,800.0,0.8,1215.53861717,0.28,800.0,0.6581749999999998,0.28,1215.53861717,0.63
1215,200532,123,588,0.08201020210981369,0.30207550525665283,0.026096159902711708,1e-05,0.0069107357,-0.008018401761849722,1882,0.2,0.032552083333333336,15.147655646006266,-0.006873253732919693,800.0,0.8,1210.4058954999998,0.28,800.0,0.6564749999999998,0.28,1210.4058954999998,0.63
1215,200788,124,589,0.08201037347316742,-0.14105653762817383,0.16052382936080298,1e-05,0.011608914,-0.023653493573268253,1885,0.2,0.061197916666666664,15.147610982259115,0.04028838500380516,800.0,0.8,1210.4058954999998,0.28,800.0,0.6564749999999998,0.28,1210.4058954999998,0.63
1215,201044,124,590,0.08201025426387787,0.3194328546524048,0.1272335114578406,1e-05,0.011323538,-0.017102967908916373,1888,0.2,0.0546875,15.147605737050375,0.03900584578514099,800.0,0.8,1210.4058954999998,0.28,800.0,0.6564749999999998,0.28,1210.4058954999998,0.63
1215,201300,124,591,0.08200980722904205,0.46222734451293945,0.05266702671845754,1e-05,0.006668941,-0.012236222935219606,1891,0.2,0.026041666666666668,15.147645632425943,-0.01828243024647236,800.0,0.81,1202.338526,0.28,800.0,0.652075,0.28,1202.338526,0.64
1215,201556,124,592,0.08200930058956146,-6.528363227844238,0.033506140733758606,1e-05,0.012318515,-0.007534509214262168,1894,0.2,0.07421875,15.147740999857584,-0.0073661208152771,800.0,0.81,1202.338526,0.28,800.0,0.652075,0.28,1202.338526,0.64
1215,201812,124,593,0.08200925588607788,0.45188045501708984,0.053824429089824356,1e-05,0.008320761,-0.011739792923132578,1897,0.2,0.037760416666666664,15.147792975107828,-0.003205951303243637,800.0,0.81,1202.338526,0.28,800.0,0.652075,0.28,1202.338526,0.64
1215,202068,125,594,0.08200931549072266,0.46460551023483276,0.05614668130874634,1e-05,0.008262441,-0.011851166685422262,1900,0.2,0.041666666666666664,15.147783915201822,-0.0027146339416503906,800.0,0.81,1197.8906323,0.27,800.0,0.6499875,0.27,1197.8906323,0.64
1215,202324,125,595,0.0820087417960167,0.7142982482910156,0.09093671043713887,1e-05,0.011800841,-0.013451623109479746,1903,0.2,0.06640625,15.147809187571207,0.01668459363281727,800.0,0.81,1197.8906323,0.27,800.0,0.6499875,0.27,1197.8906323,0.64
1215,202580,125,596,0.0820082426071167,0.5498367547988892,0.04624605675538381,1e-05,0.016291568,-0.015487744783361753,1906,0.2,0.09375,15.147923469543457,-0.0005449298769235611,800.0,0.81,1197.8906323,0.27,800.0,0.6499875,0.27,1197.8906323,0.64
1215,202836,125,597,0.08200722932815552,-6.584381103515625,0.018871651341517765,1e-05,0.009973694,-0.0024181602833171687,1909,0.2,0.06380208333333333,15.148019949595133,0.007902385666966438,800.0,0.82,1193.30454092,0.27,800.0,0.6480875000000001,0.27,1193.30454092,0.65
1215,203092,125,598,0.08200614899396896,0.6985037326812744,0.08520814900596936,1e-05,0.013174943,-0.014464678398023048,1912,0.2,0.07552083333333333,15.1482146581014,0.02027447521686554,800.0,0.82,1193.30454092,0.27,800.0,0.6480875000000001,0.27,1193.30454092,0.65
1215,203348,126,599,0.08200544863939285,-0.21015417575836182,0.14601429055134454,1e-05,0.016673286,-0.02352436538785696,1915,0.2,0.078125,15.1483793258667,0.008783448487520218,800.0,0.82,1193.30454092,0.27,800.0,0.6480875000000001,0.27,1193.30454092,0.65
1215,203604,126,600,0.08200486749410629,0.35200709104537964,0.051402331019441284,1e-05,0.018607933,-0.013885335686306158,1918,0.2,0.109375,15.148491382598877,0.004999851807951927,800.0,0.82,1188.4771477299998,0.27,800.0,0.6461625000000001,0.27,1188.4771477299998,0.66
1215,203860,126,601,0.082004614174366,-3.015277862548828,0.048895468624929585,1e-05,0.016968254,-0.020690403878688812,1921,0.2,0.109375,15.148565769195557,-0.028583765029907227,800.0,0.82,1188.4771477299998,0.27,800.0,0.6461625000000001,0.27,1188.4771477299998,0.66
1215,204116,126,602,0.08200444281101227,-4.345455646514893,0.22813412845134734,1e-05,0.016841337,-0.019597140699625017,1924,0.2,0.096875,15.148594665527344,0.044820092618465424,800.0,0.82,1188.4771477299998,0.27,800.0,0.6461625000000001,0.27,1188.4771477299998,0.66
1215,204372,126,603,0.08200419694185257,-9.546799659729004,0.010121708735823631,1e-05,0.022716505,-0.007137053273618221,1927,0.2,0.0953125,15.148630905151368,-0.005522364284843206,800.0,0.82,1188.4771477299998,0.27,800.0,0.6461625000000001,0.27,1188.4771477299998,0.66
1215,204628,127,604,0.0820041224360466,-22.441452026367188,0.00888165389187634,1e-05,0.013360818,0.001472777221351862,1929,0.2,0.1015625,15.148660898208618,-0.005125770810991526,800.0,0.83,1171.81411444,0.26,800.0,0.6364,0.26,1171.81411444,0.66
1215,204884,127,605,0.08200416713953018,0.7030465602874756,0.07333792559802532,1e-05,0.0113822445,-0.0211001376931866,1932,0.2,0.048177083333333336,15.14866574605306,-0.005639966577291489,800.0,0.83,1171.81411444,0.26,800.0,0.6364,0.26,1171.81411444,0.66
1215,205140,127,606,0.0820041373372078,-13.80049991607666,0.0143006669357419,1e-05,0.015977325,-0.00788959115743637,1935,0.2,0.05625,15.14865951538086,-0.003846213221549988,800.0,0.83,1171.81411444,0.26,800.0,0.6364,0.26,1171.81411444,0.66
1215,205396,127,607,0.08200416713953018,0.7384423017501831,0.08841740638017655,1e-05,0.02192403,-0.018039781227707864,1938,0.2,0.1234375,15.148661422729493,0.00012970343232154846,800.0,0.84,1164.4059145999997,0.26,800.0,0.6330749999999999,0.26,1164.4059145999997,0.67
1215,205652,128,608,0.08200426399707794,-1.280405044555664,0.046144964173436165,1e-05,0.009819863,-0.011232519832750162,1941,0.2,0.053385416666666664,15.148648579915365,0.003630736842751503,800.0,0.84,1164.4059145999997,0.26,800.0,0.6330749999999999,0.26,1164.4059145999997,0.67
1215,205908,128,609,0.08200414478778839,-6.100372314453125,0.00903988592326641,1e-05,0.023648849,-0.00966121330857277,1944,0.2,0.084375,15.148648452758788,-0.015277812257409096,800.0,0.84,1164.4059145999997,0.26,800.0,0.6330749999999999,0.26,1164.4059145999997,0.67
1215,206164,128,610,0.08200401812791824,-30.213581085205078,0.013732380544145903,1e-05,0.019178526,-0.0065687187016010284,1946,0.2,0.09635416666666667,15.148671785990397,0.0010854573920369148,800.0,0.85,1146.9632767399996,0.26,800.0,0.6235125,0.26,1146.9632767399996,0.67
1215,206420,128,611,0.08200399577617645,0.9250859022140503,0.033570554573088884,1e-05,0.014955015,-0.00980821019038558,1948,0.2,0.080078125,15.148687362670898,-0.01511384453624487,800.0,0.85,1146.9632767399996,0.26,800.0,0.6235125,0.26,1146.9632767399996,0.67
1216,206676,128,612,0.08200405538082123,0.7791321277618408,0.06001800578087568,1e-05,0.01368136,-0.007518847472965717,1950,0.2,0.103515625,15.148683071136475,0.004545710980892181,800.0,0.85,1146.9632767399996,0.26,800.0,0.6235125,0.26,1146.9632767399996,0.67
1216,206932,129,613,0.08200415223836899,-14.280351638793945,0.01054895599372685,1e-05,0.010715678,-0.005271945148706436,1952,0.2,0.078125,15.148672342300415,0.00035413075238466263,800.0,0.86,1133.89980916,0.26,800.0,0.61625,0.26,1133.89980916,0.67
1216,207188,129,614,0.08200448006391525,0.9236393570899963,0.03579995812227329,1e-05,0.012275659,-0.014970784075558186,1955,0.2,0.08203125,15.148636182149252,-0.04052821546792984,800.0,0.86,1133.89980916,0.26,800.0,0.61625,0.26,1133.89980916,0.67
1216,207444,129,615,0.0820046067237854,0.3575499653816223,0.053892873848478,1e-05,0.014744879,-0.01909559592604637,1958,0.2,0.08984375,15.148592631022135,-0.006396550685167313,800.0,0.86,1133.89980916,0.26,800.0,0.61625,0.26,1133.89980916,0.67
1216,207700,129,616,0.0820045918226242,-12.44782829284668,0.01249141115695238,1e-05,0.015712885,-0.009088723920285702,1961,0.2,0.0796875,15.14858283996582,-0.02301253005862236,800.0,0.86,1133.19184082,0.27,800.0,0.6174125,0.27,1133.19184082,0.67
1216,207956,129,617,0.08200454711914062,0.9070523977279663,0.04125631848971049,1e-05,0.012447391,-0.01708433187256257,1964,0.2,0.07942708333333333,15.148592313130697,-0.011627620086073875,800.0,0.86,1133.19184082,0.27,800.0,0.6174125,0.27,1133.19184082,0.67
1216,208212,130,618,0.08200464397668839,-17.565128326416016,0.01725551811978221,1e-05,0.0110054985,-0.00545974331907928,1966,0.2,0.080078125,15.148584604263306,0.004991615191102028,800.0,0.86,1133.19184082,0.27,800.0,0.6174125,0.27,1133.19184082,0.67
1216,208468,130,619,0.08200462907552719,-14.782143592834473,0.014512769877910614,1e-05,0.018184114,-0.008758900221437216,1968,0.2,0.1484375,15.148576498031616,-0.005404531955718994,800.0,0.87,1115.92916371,0.26,800.0,0.6079374999999999,0.26,1115.92916371,0.67
1216,208724,130,620,0.08200468122959137,0.7563471794128418,0.05108568351715803,1e-05,0.018387552,-0.010366032365709543,1970,0.2,0.14453125,15.148575067520142,0.0001652240753173828,800.0,0.87,1115.92916371,0.26,800.0,0.6079374999999999,0.26,1115.92916371,0.67
1216,208980,130,621,0.08200568705797195,-3.237813949584961,0.01090564268330733,1e-05,0.005637602,-0.001827371772378683,1973,0.2,0.01953125,15.148519039154053,0.0036870958283543587,800.0,0.87,1115.92916371,0.26,800.0,0.6079374999999999,0.26,1115.92916371,0.67
1215,209236,130,622,0.08200617134571075,-24.968608856201172,0.00770232081413269,1e-05,0.0075715724,-0.00636379203448693,1976,0.2,0.052083333333333336,15.148346741994223,-0.021504240110516548,800.0,0.88,1109.98781227,0.26,800.0,0.6070375,0.26,1109.98781227,0.68
1215,209492,131,623,0.08200620859861374,0.4005427360534668,0.19701762745777765,1e-05,0.016496506,-0.021800942718982697,1979,0.2,0.08072916666666667,15.148314476013184,0.05877658724784851,800.0,0.88,1109.98781227,0.26,800.0,0.6070375,0.26,1109.98781227,0.68
1216,209748,131,624,0.08200621604919434,-2.948507785797119,0.07315322384238243,1e-05,0.018298429,-0.008607940748333931,1982,0.2,0.13802083333333334,15.14831018447876,0.006984030827879906,800.0,0.88,1109.98781227,0.26,800.0,0.6070375,0.26,1109.98781227,0.68
1216,210004,131,625,0.08200614154338837,-7.895969390869141,0.011964000295847654,1e-05,0.0070505543,0.0025824691789845624,1985,0.2,0.03515625,15.148309230804443,0.0032887719571590424,800.0,0.88,1093.97608596,0.26,800.0,0.5993625,0.26,1093.97608596,0.67
1216,210260,131,626,0.08200591802597046,-11.262231826782227,0.01097244800378879,1e-05,0.012512071,-0.003161379136145115,1988,0.2,0.06640625,15.148341337839762,-0.0043428633362054825,800.0,0.88,1093.97608596,0.26,800.0,0.5993625,0.26,1093.97608596,0.67
1216,210516,131,627,0.08200585842132568,-2.916980504989624,0.09319216385483742,1e-05,0.011114502,-0.011204457143321633,1990,0.2,0.083984375,15.148363828659058,0.013490952551364899,800.0,0.88,1093.97608596,0.26,800.0,0.5993625,0.26,1093.97608596,0.67
1216,210772,132,628,0.08200579136610031,-18.42440414428711,0.017903901015718777,1e-05,0.017598404,-0.010036670292417208,1992,0.2,0.11197916666666667,15.148374557495117,-0.008093336597084999,800.0,0.88,1093.97608596,0.26,800.0,0.5993625,0.26,1093.97608596,0.67
1216,211028,132,629,0.08200566470623016,-7.138795852661133,0.01884266873821616,1e-05,0.014932709,0.0018556565046310425,1994,0.2,0.109375,15.148392915725708,0.01610148884356022,800.0,0.89,1076.4196536499999,0.25,800.0,0.589625,0.25,1076.4196536499999,0.67
1216,211284,132,630,0.08200568705797195,0.7226596474647522,0.07451519494255383,1e-05,0.011048155,-0.014595899730920792,1997,0.2,0.061197916666666664,15.148407936096191,0.0045777298510074615,800.0,0.89,1076.4196536499999,0.25,800.0,0.589625,0.25,1076.4196536499999,0.67
1216,211540,132,631,0.08200585842132568,-2.2829699516296387,0.023118088332315285,1e-05,0.01505344,-0.009806626476347446,2000,0.2,0.09765625,15.148385524749756,-0.004427776671946049,800.0,0.89,1076.4196536499999,0.25,800.0,0.589625,0.25,1076.4196536499999,0.67
1216,211796,133,632,0.0820058211684227,-6.768564701080322,0.009866409748792649,1e-05,0.020723533,-0.005167485401034355,2003,0.2,0.1015625,15.148370552062989,0.005980305373668671,800.0,0.89,1062.8152276,0.24,800.0,0.5828749999999999,0.24,1062.8152276,0.66
1216,212052,133,633,0.08200568705797195,0.7119917869567871,0.08768467158079148,1e-05,0.017416656,-0.014146831817924976,2006,0.2,0.0859375,15.148383903503419,0.014744151383638382,800.0,0.89,1062.8152276,0.24,800.0,0.5828749999999999,0.24,1062.8152276,0.66
1216,212308,133,634,0.08200546354055405,-3.60252046585083,0.02229452058672905,1e-05,0.015280986,-0.004258568957448005,2009,0.2,0.084375,15.148418807983399,0.006836391985416412,800.0,0.89,1062.8152276,0.24,800.0,0.5828749999999999,0.24,1062.8152276,0.66
1216,212564,133,635,0.0820053368806839,-7.147003173828125,0.007966882782056928,1e-05,0.013521777,-0.012066609226167202,2011,0.2,0.091796875,15.148448467254639,-0.016074106097221375,800.0,0.89,1060.64552231,0.24,800.0,0.583425,0.24,1060.64552231,0.66
1216,212820,133,636,0.08200531452894211,-1.7176363468170166,0.11508992873132229,1e-05,0.012623644,-0.011192949023097754,2013,0.2,0.08203125,15.148463726043701,0.030339963734149933,800.0,0.89,1060.64552231,0.24,800.0,0.583425,0.24,1060.64552231,0.66
1216,213076,134,637,0.0820053443312645,-2.8069510459899902,0.09993644990026951,1e-05,0.012781481,-0.006074592005461454,2015,0.2,0.099609375,15.148459196090698,0.03580804914236069,800.0,0.89,1060.64552231,0.24,800.0,0.583425,0.24,1060.64552231,0.66
1216,213332,134,638,0.08200536668300629,-13.406373977661133,0.012954593636095524,1e-05,0.011168945,-0.01356561342254281,2017,0.2,0.08203125,15.148455381393433,-0.031094934791326523,800.0,0.89,1052.43019188,0.24,800.0,0.580375,0.24,1052.43019188,0.65
1216,213588,134,639,0.08200538158416748,0.930942177772522,0.0367185411353906,1e-05,0.015509456,-0.0047624486808975535,2020,0.2,0.10026041666666667,15.148452440897623,-0.013866139575839043,800.0,0.89,1052.43019188,0.24,800.0,0.580375,0.24,1052.43019188,0.65
1217,213844,134,640,0.08200579881668091,0.8099124431610107,0.05741900888582071,1e-05,0.011385903,-0.013380478136241436,2023,0.2,0.07161458333333333,15.148428281148275,0.0030524134635925293,800.0,0.89,1052.43019188,0.24,800.0,0.580375,0.24,1052.43019188,0.65
1217,214100,134,641,0.08200626820325851,-10.542949676513672,0.009848360903561115,1e-05,0.011368096,-0.007586192029217879,2026,0.2,0.07291666666666667,15.148341178894043,-0.014795436523854733,800.0,0.89,1042.64247347,0.24,800.0,0.575875,0.24,1042.64247347,0.64
1217,214356,135,642,0.08200650662183762,-0.2943143844604492,0.08150854855775833,1e-05,0.020479664,-0.016588226705789567,2029,0.2,0.096875,15.14827938079834,0.005669139325618744,800.0,0.89,1042.64247347,0.24,800.0,0.575875,0.24,1042.64247347,0.64
1217,214612,135,643,0.08200676739215851,-2.8245902061462402,0.03769462089985609,1e-05,0.011143327,-0.008946375921368599,2031,0.2,0.083984375,15.148239135742188,0.00021519511938095093,800.0,0.89,1042.64247347,0.24,800.0,0.575875,0.24,1042.64247347,0.64
1217,214868,135,644,0.08200713247060776,-20.595491409301758,0.013010467402637005,1e-05,0.01627162,-0.014073074329644442,2033,0.2,0.12109375,15.148183584213257,-0.01064096949994564,800.0,0.9,1025.52298302,0.24,800.0,0.5661999999999999,0.24,1025.52298302,0.64
1217,215124,135,645,0.08200729638338089,-1.3357176780700684,0.03698653603593508,1e-05,0.015857292,-0.0038055448482433953,2035,0.2,0.1015625,15.148138364156088,0.010429715737700462,800.0,0.9,1025.52298302,0.24,800.0,0.5661999999999999,0.24,1025.52298302,0.64
1217,215380,135,646,0.08200740069150925,-23.67517852783203,0.014104232502480349,1e-05,0.018343173,-0.013259851684172949,2037,0.2,0.11458333333333333,15.148115793863932,-0.028316177427768707,800.0,0.9,1025.52298302,0.24,800.0,0.5661999999999999,0.24,1025.52298302,0.64
1217,215636,136,647,0.08200749009847641,-7.191393852233887,0.013573355041444302,1e-05,0.016095188,-0.004167296613256137,2039,0.2,0.11458333333333333,15.148100852966309,-0.000650736503303051,800.0,0.9,1008.94260004,0.24,800.0,0.5573125,0.24,1008.94260004,0.63
1217,215892,136,648,0.08200760185718536,-9.009551048278809,0.09725016355514526,1e-05,0.017848987,-0.017490913160145283,2041,0.2,0.134765625,15.148080587387085,0.02425549551844597,800.0,0.9,1008.94260004,0.24,800.0,0.5573125,0.24,1008.94260004,0.63
1217,216148,136,649,0.08200782537460327,0.4547714591026306,0.1441370497147242,1e-05,0.017974889,-0.019170202314853668,2044,0.2,0.109375,15.148057619730631,0.027676008641719818,800.0,0.9,1008.94260004,0.24,800.0,0.5573125,0.24,1008.94260004,0.63
1217,216404,136,650,0.0820082277059555,-11.772171020507812,0.0123134046792984,1e-05,0.028891642,-0.008806442469358444,2047,0.2,0.128125,15.148000907897949,-0.014063723385334015,800.0,0.9,994.3458610200001,0.23,800.0,0.5491875,0.23,994.3458610200001,0.63
1217,216660,136,651,0.082008495926857,-25.861164093017578,0.014038935070857406,1e-05,0.016509129,-0.004094281699508429,2049,0.2,0.125,15.147942066192627,0.003933370113372803,800.0,0.9,994.3458610200001,0.23,800.0,0.5491875,0.23,994.3458610200001,0.63
1217,216916,137,652,0.08200932294130325,0.6659820079803467,0.07240884254376094,1e-05,0.010349951,-0.014318098003665606,2052,0.2,0.057291666666666664,15.14786704381307,0.009018395096063614,800.0,0.9,994.3458610200001,0.23,800.0,0.5491875,0.23,994.3458610200001,0.63
1217,217172,137,653,0.08200991898775101,-24.999732971191406,0.010594821721315383,1e-05,0.015867248,-0.004020790383219719,2055,0.2,0.084375,15.14772663116455,0.00028886692598462105,800.0,0.9,994.3458610200001,0.23,800.0,0.5491875,0.23,994.3458610200001,0.63
1217,217428,137,654,0.08201044797897339,-4.519521713256836,0.007549002145727475,1e-05,0.011154493,-0.006958074246843656,2058,0.2,0.08333333333333333,15.147632916768393,-0.009185956791043282,800.0,0.91,980.09601656,0.23,800.0,0.5414125,0.23,980.09601656,0.63
1217,217684,137,655,0.08201055973768234,0.8849515914916992,0.031964861787855625,1e-05,0.007420331,-0.013736079291750988,2061,0.2,0.037760416666666664,15.147576014200846,-0.012587285600602627,800.0,0.91,980.09601656,0.23,800.0,0.5414125,0.23,980.09601656,0.63
1217,217940,137,656,0.08201054483652115,-3.1456470489501953,0.012352980362872282,1e-05,0.015110614,-0.009347056038677692,2064,0.2,0.09244791666666667,15.147570768992106,-0.006108234636485577,800.0,0.91,980.09601656,0.23,800.0,0.5414125,0.23,980.09601656,0.63
1217,218196,138,657,0.08201061934232712,-6.917890548706055,0.01202807854861021,1e-05,0.004320573,0.0013675702114899952,2067,0.2,0.009114583333333334,15.147566159566244,-0.004473471082746983,800.0,0.91,978.63120939,0.23,800.0,0.5423625000000001,0.23,978.63120939,0.63
1217,218452,138,658,0.08201082050800323,-9.187145233154297,0.02700661898901065,1e-05,0.0117941825,-0.011572000182544192,2070,0.2,0.06510416666666667,15.14754343032837,-0.018875669687986374,800.0,0.91,978.63120939,0.23,800.0,0.5423625000000001,0.23,978.63120939,0.63
1217,218708,138,659,0.08201082050800323,-30.33013343811035,0.012940425425767899,1e-05,0.0151151,-0.007179328861335914,2073,0.2,0.1171875,15.147522131601969,-0.018617527559399605,800.0,0.91,978.63120939,0.23,800.0,0.5423625000000001,0.23,978.63120939,0.63
1217,218964,138,660,0.08201093971729279,-19.13844871520996,0.01179096040626367,1e-05,0.009643629,-0.005823388850937287,2076,0.2,0.046875,15.14751704533895,0.0025396281853318214,800.0,0.9,979.0711365499999,0.24,800.0,0.5441375,0.24,979.0711365499999,0.62
1217,219220,138,661,0.08201086521148682,-9.900518417358398,0.031218186393380164,1e-05,0.015875807,-0.012026714161038399,2079,0.2,0.078125,15.147505760192871,-0.014431572519242764,800.0,0.9,979.0711365499999,0.24,800.0,0.5441375,0.24,979.0711365499999,0.62
1217,219476,139,662,0.0820106640458107,-13.788074493408203,0.008974729757755994,1e-05,0.015155304,0.00025740787386894224,2082,0.2,0.109375,15.147536277770996,0.016137683764100075,800.0,0.9,979.0711365499999,0.24,800.0,0.5441375,0.24,979.0711365499999,0.62
1217,219732,139,663,0.08201028406620026,-11.21886920928955,0.009118142227331797,1e-05,0.013798876,-0.005049256142228842,2085,0.2,0.11067708333333333,15.147573153177897,-0.018001608550548553,800.0,0.89,978.7416176799999,0.24,800.0,0.5458625,0.24,978.7416176799999,0.61
1217,219988,139,664,0.08200959116220474,0.691790759563446,0.08975024024645488,1e-05,0.015947098,-0.005143069972594579,2088,0.2,0.1015625,15.147671222686768,0.035820167511701584,800.0,0.89,978.7416176799999,0.24,800.0,0.5458625,0.24,978.7416176799999,0.61
1217,220244,139,665,0.08200906217098236,-16.3050479888916,0.00985532347112894,1e-05,0.01526493,-0.005151984840631485,2091,0.2,0.078125,15.147780418395996,-0.009700276888906956,800.0,0.89,978.7416176799999,0.24,800.0,0.5458625,0.24,978.7416176799999,0.61
1217,220500,139,666,0.08200860768556595,-7.439046859741211,0.009274258743971586,1e-05,0.016049922,-0.01006327165911595,2094,0.2,0.09505208333333333,15.147865931193033,-0.002825052011758089,800.0,0.88,990.08374761,0.25,800.0,0.55525,0.25,990.08374761,0.61
1217,220756,140,667,0.08200834691524506,0.2310125231742859,0.08571307485302289,1e-05,0.0127884485,-0.015292341044793526,2097,0.2,0.08723958333333333,15.147926171620687,0.005469076335430145,800.0,0.88,990.08374761,0.25,800.0,0.55525,0.25,990.08374761,0.61
1218,221012,140,668,0.08200818300247192,0.520349383354187,0.09803165743748347,1e-05,0.01686302,-0.01404023931051294,2100,0.2,0.1015625,15.147962729136148,0.013794776052236557,800.0,0.88,990.08374761,0.25,800.0,0.55525,0.25,990.08374761,0.61
1218,221268,140,669,0.08200807124376297,-11.076292991638184,0.020272374618798494,1e-05,0.015299251,-0.00867642485536635,2102,0.2,0.109375,15.147983074188232,0.004212403669953346,800.0,0.88,978.04521469,0.25,800.0,0.549125,0.25,978.04521469,0.6
1218,221524,140,670,0.08200801908969879,0.8746410608291626,0.04142051811019579,1e-05,0.017957583,-0.007399083425601323,2104,0.2,0.10677083333333333,15.14799722035726,0.001828361302614212,800.0,0.88,978.04521469,0.25,800.0,0.549125,0.25,978.04521469,0.6
1218,221780,141,671,0.08200829476118088,0.8468050956726074,0.06468035094439983,1e-05,0.015797598,-0.0182924826319019,2107,0.2,0.10286458333333333,15.147986888885498,-0.014036564156413078,800.0,0.88,978.04521469,0.25,800.0,0.549125,0.25,978.04521469,0.6
1218,222036,141,672,0.08200843632221222,-5.892457485198975,0.009667201526463031,1e-05,0.017741574,-0.010652792826294898,2110,0.2,0.1171875,15.147936820983887,-0.02365611307322979,800.0,0.89,964.0216829500001,0.25,800.0,0.540925,0.25,964.0216829500001,0.6
1218,222292,141,673,0.08200853317975998,-0.1909177303314209,0.03204688876867294,1e-05,0.016904732,-0.01363717094063759,2113,0.2,0.034375,15.147924613952636,-0.01423611305654049,800.0,0.89,964.0216829500001,0.25,800.0,0.540925,0.25,964.0216829500001,0.6
1218,222548,141,674,0.08200859278440475,-3.9869418144226074,0.03287231735885143,1e-05,0.01443648,-0.014868973599125942,2116,0.2,0.08203125,15.14790678024292,-0.008797351270914078,800.0,0.89,964.0216829500001,0.25,800.0,0.540925,0.25,964.0216829500001,0.6
1218,222804,141,675,0.0820087268948555,-29.151443481445312,0.01205050703138113,1e-05,0.016549729,-0.00026909299194812777,2119,0.2,0.0984375,15.147895050048827,0.005449333693832159,800.0,0.89,948.2052946600002,0.25,800.0,0.532075,0.25,948.2052946600002,0.6
1218,223060,142,676,0.08200900256633759,-7.111761093139648,0.011016164161264896,1e-05,0.028206097,-0.006398755684494972,2122,0.2,0.1359375,15.147860336303712,-0.0006439131684601307,800.0,0.89,948.2052946600002,0.25,800.0,0.532075,0.25,948.2052946600002,0.6
1218,223316,142,677,0.0820092186331749,-1.6010470390319824,0.24862940112749735,1e-05,0.01376402,-0.02099300812308987,2125,0.2,0.06770833333333333,15.147812684377035,0.07478950917720795,800.0,0.89,948.2052946600002,0.25,800.0,0.532075,0.25,948.2052946600002,0.6
1218,223572,142,678,0.08200912922620773,-5.9874138832092285,0.11526157955328624,1e-05,0.01930926,-0.016175636400779087,2128,0.2,0.12109375,15.147799173990885,0.0016136951744556427,800.0,0.89,948.2052946600002,0.25,800.0,0.532075,0.25,948.2052946600002,0.6
1218,223828,142,679,0.08200902491807938,-26.48175811767578,0.0372099739809831,1e-05,0.019011829,-0.012288462991515795,2131,0.2,0.11979166666666667,15.147823651631674,-0.011361273005604744,800.0,0.9,932.7922522000002,0.24,800.0,0.5228125,0.24,932.7922522000002,0.6
1218,224084,142,680,0.08200906217098236,-0.15839803218841553,0.12219384188453357,1e-05,0.016269526,-0.023606251149127882,2134,0.2,0.09244791666666667,15.147829373677572,0.004514697939157486,800.0,0.9,932.7922522000002,0.24,800.0,0.5228125,0.24,932.7922522000002,0.6
1218,224340,143,681,0.08200909942388535,-6.753830432891846,0.011647343263030052,1e-05,0.016712463,-0.009880542568862439,2137,0.2,0.1046875,15.147822952270507,-0.014064443297684193,800.0,0.9,932.7922522000002,0.24,800.0,0.5228125,0.24,932.7922522000002,0.6
1218,224596,143,682,0.0820089727640152,-4.862249374389648,0.011703863041475415,1e-05,0.011508641,-0.016574209090322256,2139,0.2,0.091796875,15.147825479507446,-0.02659623697400093,800.0,0.9,924.51507991,0.24,800.0,0.5191499999999999,0.24,924.51507991,0.59
1218,224852,143,683,0.08200870454311371,-3.4343605041503906,0.06798508316278458,1e-05,0.02392864,-0.016349946334958076,2142,0.2,0.1296875,15.14786319732666,-0.00023761577904224396,800.0,0.9,924.51507991,0.24,800.0,0.5191499999999999,0.24,924.51507991,0.59
1218,225108,143,684,0.08200862258672714,-30.40161895751953,0.01386402826756239,1e-05,0.012346626,-0.0018739236984401941,2144,0.2,0.095703125,15.147893905639648,-0.003536516334861517,800.0,0.9,924.51507991,0.24,800.0,0.5191499999999999,0.24,924.51507991,0.59
1218,225364,143,685,0.08200859278440475,-8.110992431640625,0.01590123474597931,1e-05,0.01803404,-0.006948684016242624,2147,0.2,0.0921875,15.147901916503907,-0.014587552286684513,800.0,0.91,909.69014354,0.24,800.0,0.5102125000000001,0.24,909.69014354,0.59
1218,225620,144,686,0.08200859278440475,0.7195110321044922,0.08940028101205826,1e-05,0.02113527,-0.020100652053952218,2150,0.2,0.090625,15.147904014587402,0.006894752383232117,800.0,0.91,909.69014354,0.24,800.0,0.5102125000000001,0.24,909.69014354,0.59
1218,225876,144,687,0.08200860023498535,-0.774439811706543,0.03145779141535362,1e-05,0.012139756,-0.011911258411904177,2153,0.2,0.06901041666666667,15.14790423711141,-0.004482099786400795,800.0,0.91,909.69014354,0.24,800.0,0.5102125000000001,0.24,909.69014354,0.59
1218,226132,144,688,0.08200865983963013,-11.509984016418457,0.009433825593441724,1e-05,0.020809114,-0.007967754267156124,2156,0.2,0.1203125,15.14789695739746,-0.009818118996918201,800.0,0.92,894.66225783,0.24,800.0,0.501725,0.24,894.66225783,0.6
1218,226388,144,689,0.08200856298208237,0.9379531741142273,0.03130923459927241,1e-05,0.016039738,-0.013831176174183687,2159,0.2,0.08203125,15.14789613087972,-0.006608523428440094,800.0,0.92,894.66225783,0.24,800.0,0.501725,0.24,894.66225783,0.6
1218,226644,144,690,0.08200738579034805,-19.482961654663086,0.02340770016113917,1e-05,0.0070087463,-6.750257064898808e-05,2162,0.2,0.037760416666666664,15.147978782653809,0.0019797636196017265,800.0,0.92,894.66225783,0.24,800.0,0.501725,0.24,894.66225783,0.6
1218,226900,145,691,0.08200639486312866,-13.39422607421875,0.016436647313336532,1e-05,0.005356585,-0.0023358681549628577,2165,0.2,0.018229166666666668,15.148193518320719,-0.009434109553694725,800.0,0.91,895.7001412100002,0.24,800.0,0.5029250000000001,0.24,895.7001412100002,0.59
1218,227156,145,692,0.08200585097074509,0.8156708478927612,0.07750487513840199,1e-05,0.012927211,-0.012797836835185686,2168,0.2,0.08333333333333333,15.148323059082031,3.03611159324646e-06,800.0,0.91,895.7001412100002,0.24,800.0,0.5029250000000001,0.24,895.7001412100002,0.59
1218,227412,145,693,0.08200538903474808,-3.188838005065918,0.014822872200359901,1e-05,0.012949472,-0.010077542625367641,2171,0.2,0.07291666666666667,15.148409684499105,-0.01901441067457199,800.0,0.91,895.7001412100002,0.24,800.0,0.5029250000000001,0.24,895.7001412100002,0.59
1218,227668,145,694,0.08200512081384659,-13.751331329345703,0.012419932521879673,1e-05,0.010529177,-0.0012552090920507908,2173,0.2,0.0625,15.148475170135498,-0.00172372255474329,800.0,0.91,879.2651441400001,0.24,800.0,0.4938625,0.24,879.2651441400001,0.58
1218,227924,145,695,0.082004614174366,-2.0011143684387207,0.08243432206412156,1e-05,0.016517038,-0.0257274666801095,2176,0.2,0.10026041666666667,15.148537476857504,-0.023730121552944183,800.0,0.91,879.2651441400001,0.24,800.0,0.4938625,0.24,879.2651441400001,0.58
1218,228180,146,696,0.08200432360172272,0.17301279306411743,0.12999811271826425,1e-05,0.004980349,-0.0155663484086593,2179,0.2,0.020833333333333332,15.14861249923706,0.02843252196907997,800.0,0.91,879.2651441400001,0.24,800.0,0.4938625,0.24,879.2651441400001,0.58
1218,228436,146,697,0.0820043608546257,-12.178546905517578,0.018750826517740887,1e-05,0.011712307,-0.01337583603647848,2182,0.2,0.061197916666666664,15.148634433746338,-0.02409009449183941,800.0,0.91,877.5722871300002,0.25,800.0,0.49345,0.25,877.5722871300002,0.58
1218,228692,146,698,0.08200417459011078,-8.708475112915039,0.03254553178946177,1e-05,0.014437448,-0.008674686464170614,2185,0.2,0.09114583333333333,15.148637453715006,-0.012822519987821579,800.0,0.91,877.5722871300002,0.25,800.0,0.49345,0.25,877.5722871300002,0.58
1218,228948,146,699,0.08200366050004959,-22.64700698852539,0.01458641622836391,1e-05,0.010189113,-0.007248360353211562,2188,0.2,0.048177083333333336,15.148690382639566,-0.01816159300506115,800.0,0.91,877.5722871300002,0.25,800.0,0.49345,0.25,877.5722871300002,0.58
1219,229204,146,700,0.08200323581695557,0.6171928644180298,0.08506065731247266,1e-05,0.015792625,-0.018107532523572445,2191,0.2,0.1015625,15.148781617482504,0.015763645991683006,800.0,0.92,867.5802616100002,0.24,800.0,0.4875625,0.24,867.5802616100002,0.58
1219,229460,147,701,0.08200287818908691,-4.552985668182373,0.02807186059653759,1e-05,0.019558102,-0.011552615463733673,2194,0.2,0.13125,15.148848724365234,-0.001768629066646099,800.0,0.92,867.5802616100002,0.24,800.0,0.4875625,0.24,867.5802616100002,0.58
1219,229716,147,702,0.08200284093618393,-31.16535186767578,0.036430590165158115,1e-05,0.0048295893,-0.008026627202828726,2197,0.2,0.01171875,15.148889859517416,-0.004074138589203358,800.0,0.92,867.5802616100002,0.24,800.0,0.4875625,0.24,867.5802616100002,0.58
1219,229972,147,703,0.08200310170650482,0.4734600782394409,0.06018575963874658,1e-05,0.006706362,-0.00986507162451744,2200,0.2,0.024739583333333332,15.14886967341105,0.004912197589874268,800.0,0.92,867.5802616100002,0.24,800.0,0.4875625,0.24,867.5802616100002,0.58
1219,230228,147,704,0.08200300484895706,0.7793993353843689,0.07973454147577286,1e-05,0.013600662,-0.005461099402358134,2203,0.2,0.06901041666666667,15.148840268452963,0.021946080029010773,800.0,0.92,871.03033411,0.24,800.0,0.49095,0.24,871.03033411,0.58
